xflr5 v6.47,,,,,,,,,,,
,,,,,,,,,,,
Plane Name,,,,,,,,,,,
T1-10.0 m/s-Panel-Inviscid,,,,,,,,,,,
QInf  =,10,m/s,,,,,,,,,
Alpha = ,0,,,,,,,,,,
Beta  = ,   0.000°,,,,,,,,,,
Phi   = ,   0.000°,,,,,,,,,,
Ctrl  = ,0,,,,,,,,,,
CL    = ,0.384561,,,,,,,,,,
Cy    = ,0,,,,,,,,,,
Cd=,0.005172,ICd=,0.005172,PCd=,0,,,,,,
Cl   = ,-5.09E-16,,,,,,,,,,
Cm   =,-0.548252,,,,,,,,,,
ICn=,0,PCn=,0,,,,,,,,
XCP=,12.149461, YCP=,0, ZCP=,1.386644,,,,,,
XNP=,0,,,,,,,,,,
Bending =,87743.85853,,,,,,,,,,
,,,,,,,,,,,
Main Wing,,,,,,,,,,,
  y-span,Chord,Ai,Cl,PCd,ICd,CmGeom,CmAirf@chord/4,XTrtop,XTrBot,XCP,BM
-34.9003,3.6043,-3.894,0.14492,0,0.009865,-0.939486,-0.043073,0,0,0.5018,0
-34.6619,3.6613,-2.994,0.236901,0,0.012393,-1.319396,-0.066807,0,0,0.5243,0.938
-34.1867,3.7749,-2.215,0.31164,0,0.012056,-1.580073,-0.078495,0,0,0.5076,12.0998
-33.478,3.9444,-1.638,0.363628,0,0.010401,-1.743732,-0.088898,0,0,0.4992,59.9331
-32.5406,4.1686,-1.237,0.396806,0,0.008568,-1.775697,-0.095582,0,0,0.4939,193.1269
-31.3809,4.4459,-0.971,0.41623,0,0.007057,-1.709212,-0.099414,0,0,0.491,485.0012
-30.0069,4.7744,-0.804,0.426164,0,0.00598,-1.583403,-0.101514,0,0,0.4899,1034.3744
-28.4278,5.152,-0.705,0.429691,0,0.005285,-1.428167,-0.102639,0,0,0.4905,1965.4616
-26.6546,5.5761,-0.652,0.428872,0,0.00488,-1.263365,-0.103224,0,0,0.4924,3426.8128
-24.6993,6.0436,-0.631,0.425023,0,0.004682,-1.101057,-0.103498,0,0,0.4955,5589.0387
-22.5753,6.5516,-0.632,0.418958,0,0.004623,-0.948053,-0.103586,0,0,0.4996,8641.0109
-20.2971,7.0963,-0.648,0.411154,0,0.004653,-0.807779,-0.103558,0,0,0.5047,12784.3066
-17.8802,7.6743,-0.675,0.401866,0,0.004737,-0.681573,-0.103451,0,0,0.5108,18225.7789
-15.3412,8.2815,-0.709,0.391187,0,0.004844,-0.569554,-0.10329,0,0,0.5182,25168.2906
-12.6974,8.9137,-0.747,0.37908,0,0.004947,-0.471196,-0.103098,0,0,0.5271,33799.7974
-9.9668,9.5666,-0.785,0.365383,0,0.005009,-0.385657,-0.102912,0,0,0.538,44281.0915
-7.1682,10.2359,-0.814,0.349794,0,0.004975,-0.312048,-0.10281,0,0,0.5519,56732.6033
-4.3206,10.9168,-0.813,0.331806,0,0.004715,-0.249623,-0.102988,0,0,0.5708,71220.7071
-1.4435,11.6048,-0.693,0.310446,0,0.003766,-0.198352,-0.104013,0,0,0.5989,87743.8585
1.4435,11.6048,-0.693,0.310446,0,0.003766,-0.198352,-0.104013,0,0,0.5989,87743.8585
4.3206,10.9168,-0.813,0.331806,0,0.004715,-0.249623,-0.102988,0,0,0.5708,71220.7071
7.1682,10.2359,-0.814,0.349794,0,0.004975,-0.312048,-0.10281,0,0,0.5519,56732.6033
9.9668,9.5666,-0.785,0.365383,0,0.005009,-0.385657,-0.102912,0,0,0.538,44281.0915
12.6974,8.9137,-0.747,0.37908,0,0.004947,-0.471196,-0.103098,0,0,0.5271,33799.7974
15.3412,8.2815,-0.709,0.391187,0,0.004844,-0.569554,-0.10329,0,0,0.5182,25168.2906
17.8802,7.6743,-0.675,0.401866,0,0.004737,-0.681573,-0.103451,0,0,0.5108,18225.7789
20.2971,7.0963,-0.648,0.411154,0,0.004653,-0.807779,-0.103558,0,0,0.5047,12784.3066
22.5753,6.5516,-0.632,0.418958,0,0.004623,-0.948053,-0.103586,0,0,0.4996,8641.0109
24.6993,6.0436,-0.631,0.425023,0,0.004682,-1.101057,-0.103498,0,0,0.4955,5589.0387
26.6546,5.5761,-0.652,0.428872,0,0.00488,-1.263365,-0.103224,0,0,0.4924,3426.8128
28.4278,5.152,-0.705,0.429691,0,0.005285,-1.428167,-0.102639,0,0,0.4905,1965.4616
30.0069,4.7744,-0.804,0.426164,0,0.00598,-1.583403,-0.101514,0,0,0.4899,1034.3744
31.3809,4.4459,-0.971,0.41623,0,0.007057,-1.709212,-0.099414,0,0,0.491,485.0012
32.5406,4.1686,-1.237,0.396806,0,0.008568,-1.775697,-0.095582,0,0,0.4939,193.1269
33.478,3.9444,-1.638,0.363628,0,0.010401,-1.743732,-0.088898,0,0,0.4992,59.9331
34.1867,3.7749,-2.215,0.31164,0,0.012056,-1.580073,-0.078495,0,0,0.5076,12.0998
34.6619,3.6613,-2.994,0.236901,0,0.012393,-1.319396,-0.066807,0,0,0.5243,0.938
34.9003,3.6043,-3.894,0.14492,0,0.009865,-0.939486,-0.043073,0,0,0.5018,0
,,,,,,,,,,,
,,,,,,,,,,,
Main Wing Cp Coefficients,,,,,,,,,,,
Panel,CtrlPt.x,CtrlPt.y,CtrlPt.z,Nx,Ny,Nz,Area,Cp,,,
Main WingCp Coefficients,,,,,,,,,,,
Strip 1,,,,,,,,,,,
13,2.17E+01,-3.49E+01,1.28E+00,-0.128,-0.072,-0.989,6.31E-03,0.048,,,
14,2.16E+01,-3.49E+01,1.29E+00,-0.109,-0.067,-0.992,1.85E-02,0.0512,,,
15,2.14E+01,-3.49E+01,1.30E+00,0.009,-0.032,-0.999,2.95E-02,0.0538,,,
16,2.11E+01,-3.49E+01,1.29E+00,0.073,-0.012,-0.997,3.89E-02,0.0379,,,
17,2.08E+01,-3.49E+01,1.26E+00,0.113,0.001,-0.994,4.63E-02,0.0194,,,
18,2.04E+01,-3.49E+01,1.21E+00,0.12,0.004,-0.993,5.08E-02,-0.0203,,,
19,2.00E+01,-3.49E+01,1.16E+00,0.099,-0.005,-0.995,5.22E-02,-0.071,,,
20,1.95E+01,-3.49E+01,1.13E+00,0.049,-0.026,-0.998,5.05E-02,-0.1164,,,
21,1.91E+01,-3.49E+01,1.12E+00,-0.012,-0.053,-0.999,4.60E-02,-0.1411,,,
22,1.88E+01,-3.49E+01,1.14E+00,-0.072,-0.08,-0.994,3.90E-02,-0.1551,,,
23,1.85E+01,-3.49E+01,1.16E+00,-0.141,-0.114,-0.983,2.99E-02,-0.1848,,,
24,1.83E+01,-3.49E+01,1.21E+00,-0.285,-0.185,-0.941,1.94E-02,-0.2209,,,
25,1.82E+01,-3.49E+01,1.25E+00,-0.656,-0.366,-0.66,9.30E-03,0.1765,,,
26,1.82E+01,-3.49E+01,1.33E+00,-0.797,-0.398,0.454,1.43E-02,0.4226,,,
27,1.83E+01,-3.49E+01,1.42E+00,-0.484,-0.225,0.846,2.20E-02,-0.237,,,
28,1.85E+01,-3.49E+01,1.51E+00,-0.32,-0.139,0.937,3.16E-02,-0.3397,,,
29,1.88E+01,-3.49E+01,1.58E+00,-0.206,-0.083,0.975,3.99E-02,-0.3688,,,
30,1.91E+01,-3.49E+01,1.64E+00,-0.101,-0.033,0.994,4.62E-02,-0.3786,,,
31,1.95E+01,-3.49E+01,1.66E+00,0.003,0.013,1,5.03E-02,-0.3541,,,
32,2.00E+01,-3.49E+01,1.63E+00,0.097,0.052,0.994,5.21E-02,-0.2861,,,
33,2.04E+01,-3.49E+01,1.58E+00,0.163,0.077,0.984,5.11E-02,-0.1994,,,
34,2.08E+01,-3.49E+01,1.50E+00,0.204,0.092,0.975,4.70E-02,-0.1285,,,
35,2.11E+01,-3.49E+01,1.43E+00,0.222,0.098,0.97,3.99E-02,-0.0998,,,
36,2.14E+01,-3.49E+01,1.36E+00,0.226,0.099,0.969,3.03E-02,-0.1208,,,
37,2.16E+01,-3.49E+01,1.31E+00,0.24,0.103,0.965,1.90E-02,-0.0928,,,
38,2.17E+01,-3.49E+01,1.29E+00,0.243,0.104,0.964,6.46E-03,-0.0512,,,
Strip 2,,,,,,,,,,,
39,2.17E+01,-3.46E+01,1.27E+00,-0.128,-0.072,-0.989,1.92E-02,0.1477,,,
40,2.16E+01,-3.46E+01,1.29E+00,-0.109,-0.067,-0.992,5.63E-02,0.185,,,
41,2.14E+01,-3.46E+01,1.29E+00,0.009,-0.032,-0.999,8.96E-02,0.2017,,,
42,2.11E+01,-3.46E+01,1.28E+00,0.073,-0.012,-0.997,1.18E-01,0.1531,,,
43,2.07E+01,-3.46E+01,1.25E+00,0.113,0.001,-0.994,1.41E-01,0.0924,,,
44,2.03E+01,-3.46E+01,1.20E+00,0.12,0.004,-0.993,1.54E-01,0.0132,,,
45,1.99E+01,-3.46E+01,1.15E+00,0.099,-0.005,-0.995,1.59E-01,-0.0731,,,
46,1.94E+01,-3.46E+01,1.12E+00,0.049,-0.026,-0.998,1.53E-01,-0.1448,,,
47,1.90E+01,-3.46E+01,1.11E+00,-0.012,-0.053,-0.999,1.40E-01,-0.1826,,,
48,1.87E+01,-3.46E+01,1.12E+00,-0.072,-0.08,-0.994,1.19E-01,-0.1994,,,
49,1.84E+01,-3.46E+01,1.15E+00,-0.141,-0.114,-0.983,9.08E-02,-0.2193,,,
50,1.82E+01,-3.46E+01,1.20E+00,-0.285,-0.185,-0.941,5.91E-02,-0.2143,,,
51,1.81E+01,-3.46E+01,1.24E+00,-0.656,-0.366,-0.66,2.83E-02,0.1944,,,
52,1.81E+01,-3.46E+01,1.32E+00,-0.797,-0.398,0.453,4.33E-02,0.5114,,,
53,1.82E+01,-3.46E+01,1.41E+00,-0.484,-0.225,0.846,6.68E-02,-0.2171,,,
54,1.84E+01,-3.46E+01,1.50E+00,-0.32,-0.139,0.937,9.61E-02,-0.3991,,,
55,1.87E+01,-3.46E+01,1.58E+00,-0.206,-0.083,0.975,1.21E-01,-0.4713,,,
56,1.90E+01,-3.46E+01,1.63E+00,-0.101,-0.033,0.994,1.41E-01,-0.4956,,,
57,1.94E+01,-3.46E+01,1.65E+00,0.003,0.013,1,1.53E-01,-0.4668,,,
58,1.99E+01,-3.46E+01,1.63E+00,0.097,0.052,0.994,1.58E-01,-0.3782,,,
59,2.03E+01,-3.46E+01,1.57E+00,0.163,0.077,0.984,1.55E-01,-0.2637,,,
60,2.07E+01,-3.46E+01,1.50E+00,0.204,0.092,0.975,1.43E-01,-0.1633,,,
61,2.11E+01,-3.46E+01,1.42E+00,0.222,0.098,0.97,1.21E-01,-0.0959,,,
62,2.14E+01,-3.46E+01,1.35E+00,0.226,0.099,0.969,9.22E-02,-0.066,,,
63,2.16E+01,-3.46E+01,1.30E+00,0.24,0.103,0.965,5.78E-02,0.0079,,,
64,2.17E+01,-3.46E+01,1.28E+00,0.243,0.104,0.964,1.97E-02,0.0714,,,
Strip 3,,,,,,,,,,,
65,2.15E+01,-3.42E+01,1.26E+00,-0.128,-0.072,-0.989,3.28E-02,0.2292,,,
66,2.14E+01,-3.42E+01,1.27E+00,-0.109,-0.067,-0.992,9.63E-02,0.2738,,,
67,2.12E+01,-3.42E+01,1.28E+00,0.009,-0.032,-0.999,1.53E-01,0.2845,,,
68,2.09E+01,-3.42E+01,1.26E+00,0.073,-0.012,-0.997,2.03E-01,0.2161,,,
69,2.05E+01,-3.42E+01,1.23E+00,0.113,0.001,-0.994,2.41E-01,0.1322,,,
70,2.01E+01,-3.42E+01,1.18E+00,0.12,0.004,-0.993,2.64E-01,0.0311,,,
71,1.97E+01,-3.42E+01,1.13E+00,0.099,-0.005,-0.995,2.71E-01,-0.0757,,,
72,1.92E+01,-3.42E+01,1.10E+00,0.049,-0.026,-0.998,2.62E-01,-0.1627,,,
73,1.88E+01,-3.42E+01,1.09E+00,-0.012,-0.053,-0.999,2.39E-01,-0.2036,,,
74,1.84E+01,-3.42E+01,1.10E+00,-0.072,-0.08,-0.994,2.03E-01,-0.2059,,,
75,1.81E+01,-3.42E+01,1.13E+00,-0.141,-0.114,-0.983,1.55E-01,-0.1965,,,
76,1.79E+01,-3.42E+01,1.18E+00,-0.285,-0.185,-0.941,1.01E-01,-0.154,,,
77,1.78E+01,-3.42E+01,1.23E+00,-0.656,-0.366,-0.66,4.84E-02,0.2638,,,
78,1.78E+01,-3.42E+01,1.30E+00,-0.798,-0.398,0.453,7.41E-02,0.5771,,,
79,1.79E+01,-3.42E+01,1.40E+00,-0.484,-0.225,0.846,1.14E-01,-0.1927,,,
80,1.81E+01,-3.42E+01,1.49E+00,-0.32,-0.139,0.937,1.64E-01,-0.4241,,,
81,1.84E+01,-3.42E+01,1.57E+00,-0.206,-0.083,0.975,2.08E-01,-0.5485,,,
82,1.88E+01,-3.42E+01,1.63E+00,-0.101,-0.033,0.994,2.40E-01,-0.6051,,,
83,1.92E+01,-3.42E+01,1.65E+00,0.003,0.013,1,2.62E-01,-0.5802,,,
84,1.97E+01,-3.42E+01,1.62E+00,0.097,0.052,0.994,2.71E-01,-0.4724,,,
85,2.01E+01,-3.42E+01,1.57E+00,0.163,0.077,0.984,2.66E-01,-0.324,,,
86,2.05E+01,-3.42E+01,1.49E+00,0.204,0.092,0.975,2.44E-01,-0.1815,,,
87,2.09E+01,-3.42E+01,1.41E+00,0.222,0.098,0.97,2.08E-01,-0.0697,,,
88,2.12E+01,-3.42E+01,1.34E+00,0.226,0.099,0.969,1.58E-01,-0.0012,,,
89,2.14E+01,-3.42E+01,1.29E+00,0.24,0.103,0.965,9.88E-02,0.097,,,
90,2.15E+01,-3.42E+01,1.26E+00,0.243,0.104,0.964,3.36E-02,0.1699,,,
Strip 4,,,,,,,,,,,
91,2.13E+01,-3.35E+01,1.23E+00,-0.128,-0.072,-0.989,4.77E-02,0.2485,,,
92,2.12E+01,-3.35E+01,1.24E+00,-0.109,-0.067,-0.992,1.40E-01,0.2962,,,
93,2.10E+01,-3.35E+01,1.25E+00,0.009,-0.032,-0.999,2.23E-01,0.3093,,,
94,2.07E+01,-3.35E+01,1.24E+00,0.073,-0.012,-0.997,2.94E-01,0.2388,,,
95,2.03E+01,-3.35E+01,1.20E+00,0.113,0.001,-0.994,3.50E-01,0.1486,,,
96,1.99E+01,-3.35E+01,1.15E+00,0.12,0.004,-0.993,3.84E-01,0.0394,,,
97,1.94E+01,-3.35E+01,1.10E+00,0.099,-0.005,-0.995,3.94E-01,-0.0745,,,
98,1.89E+01,-3.35E+01,1.06E+00,0.049,-0.026,-0.998,3.81E-01,-0.1638,,,
99,1.85E+01,-3.35E+01,1.05E+00,-0.012,-0.053,-0.999,3.47E-01,-0.1994,,,
100,1.81E+01,-3.35E+01,1.07E+00,-0.072,-0.08,-0.994,2.95E-01,-0.1914,,,
101,1.78E+01,-3.35E+01,1.10E+00,-0.141,-0.114,-0.984,2.26E-01,-0.1719,,,
102,1.76E+01,-3.35E+01,1.15E+00,-0.285,-0.185,-0.941,1.47E-01,-0.1154,,,
103,1.74E+01,-3.35E+01,1.20E+00,-0.656,-0.365,-0.661,7.03E-02,0.3044,,,
104,1.74E+01,-3.35E+01,1.28E+00,-0.798,-0.399,0.452,1.08E-01,0.5796,,,
105,1.76E+01,-3.35E+01,1.38E+00,-0.484,-0.225,0.845,1.66E-01,-0.2068,,,
106,1.78E+01,-3.35E+01,1.48E+00,-0.32,-0.139,0.937,2.39E-01,-0.4476,,,
107,1.81E+01,-3.34E+01,1.56E+00,-0.206,-0.083,0.975,3.02E-01,-0.5898,,,
108,1.85E+01,-3.34E+01,1.62E+00,-0.101,-0.033,0.994,3.49E-01,-0.667,,,
109,1.89E+01,-3.34E+01,1.64E+00,0.003,0.013,1,3.80E-01,-0.6535,,,
110,1.94E+01,-3.34E+01,1.62E+00,0.097,0.052,0.994,3.94E-01,-0.5421,,,
111,1.99E+01,-3.35E+01,1.55E+00,0.163,0.077,0.984,3.86E-01,-0.3786,,,
112,2.03E+01,-3.35E+01,1.47E+00,0.204,0.092,0.975,3.55E-01,-0.2165,,,
113,2.07E+01,-3.35E+01,1.39E+00,0.222,0.098,0.97,3.02E-01,-0.0859,,,
114,2.10E+01,-3.35E+01,1.31E+00,0.226,0.099,0.969,2.29E-01,-0.0018,,,
115,2.12E+01,-3.35E+01,1.26E+00,0.24,0.103,0.965,1.44E-01,0.1078,,,
116,2.13E+01,-3.35E+01,1.23E+00,0.243,0.104,0.964,4.88E-02,0.1862,,,
Strip 5,,,,,,,,,,,
117,2.11E+01,-3.25E+01,1.20E+00,-0.128,-0.072,-0.989,6.42E-02,0.253,,,
118,2.09E+01,-3.25E+01,1.21E+00,-0.109,-0.067,-0.992,1.88E-01,0.3023,,,
119,2.07E+01,-3.25E+01,1.22E+00,0.009,-0.032,-0.999,3.00E-01,0.3172,,,
120,2.04E+01,-3.25E+01,1.20E+00,0.073,-0.012,-0.997,3.96E-01,0.2469,,,
121,2.00E+01,-3.25E+01,1.16E+00,0.113,0.001,-0.994,4.71E-01,0.1557,,,
122,1.95E+01,-3.25E+01,1.11E+00,0.12,0.004,-0.993,5.17E-01,0.0451,,,
123,1.90E+01,-3.25E+01,1.06E+00,0.099,-0.005,-0.995,5.31E-01,-0.0691,,,
124,1.85E+01,-3.25E+01,1.02E+00,0.049,-0.026,-0.998,5.13E-01,-0.1568,,,
125,1.80E+01,-3.25E+01,1.01E+00,-0.012,-0.053,-0.999,4.68E-01,-0.1893,,,
126,1.76E+01,-3.25E+01,1.03E+00,-0.072,-0.08,-0.994,3.97E-01,-0.178,,,
127,1.73E+01,-3.25E+01,1.06E+00,-0.141,-0.114,-0.984,3.04E-01,-0.1548,,,
128,1.71E+01,-3.25E+01,1.11E+00,-0.285,-0.185,-0.941,1.98E-01,-0.0901,,,
129,1.70E+01,-3.25E+01,1.16E+00,-0.655,-0.365,-0.661,9.47E-02,0.3312,,,
130,1.70E+01,-3.25E+01,1.25E+00,-0.798,-0.399,0.451,1.45E-01,0.5717,,,
131,1.71E+01,-3.25E+01,1.35E+00,-0.485,-0.225,0.845,2.23E-01,-0.2256,,,
132,1.73E+01,-3.25E+01,1.45E+00,-0.32,-0.139,0.937,3.21E-01,-0.4678,,,
133,1.76E+01,-3.25E+01,1.54E+00,-0.206,-0.083,0.975,4.06E-01,-0.615,,,
134,1.80E+01,-3.25E+01,1.61E+00,-0.101,-0.033,0.994,4.70E-01,-0.6997,,,
135,1.85E+01,-3.25E+01,1.63E+00,0.003,0.013,1,5.12E-01,-0.6925,,,
136,1.90E+01,-3.25E+01,1.60E+00,0.097,0.052,0.994,5.30E-01,-0.582,,,
137,1.95E+01,-3.25E+01,1.54E+00,0.163,0.077,0.984,5.20E-01,-0.4138,,,
138,2.00E+01,-3.25E+01,1.45E+00,0.204,0.092,0.975,4.78E-01,-0.2433,,,
139,2.04E+01,-3.25E+01,1.36E+00,0.222,0.098,0.97,4.06E-01,-0.1035,,,
140,2.07E+01,-3.25E+01,1.29E+00,0.226,0.099,0.969,3.09E-01,-0.0114,,,
141,2.09E+01,-3.25E+01,1.23E+00,0.24,0.103,0.965,1.93E-01,0.1046,,,
142,2.11E+01,-3.25E+01,1.20E+00,0.243,0.104,0.965,6.58E-02,0.1863,,,
Strip 6,,,,,,,,,,,
143,2.07E+01,-3.14E+01,1.15E+00,-0.128,-0.072,-0.989,8.27E-02,0.2536,,,
144,2.06E+01,-3.14E+01,1.17E+00,-0.109,-0.067,-0.992,2.43E-01,0.304,,,
145,2.04E+01,-3.14E+01,1.18E+00,0.009,-0.032,-0.999,3.86E-01,0.3201,,,
146,2.00E+01,-3.14E+01,1.16E+00,0.073,-0.012,-0.997,5.10E-01,0.2504,,,
147,1.96E+01,-3.14E+01,1.12E+00,0.113,0.001,-0.994,6.06E-01,0.1597,,,
148,1.91E+01,-3.14E+01,1.06E+00,0.12,0.004,-0.993,6.66E-01,0.0497,,,
149,1.85E+01,-3.14E+01,1.00E+00,0.099,-0.005,-0.995,6.84E-01,-0.0636,,,
150,1.80E+01,-3.14E+01,9.64E-01,0.049,-0.026,-0.998,6.61E-01,-0.1502,,,
151,1.75E+01,-3.14E+01,9.55E-01,-0.012,-0.053,-0.999,6.03E-01,-0.1815,,,
152,1.71E+01,-3.14E+01,9.72E-01,-0.072,-0.08,-0.994,5.11E-01,-0.1692,,,
153,1.67E+01,-3.14E+01,1.01E+00,-0.141,-0.114,-0.984,3.92E-01,-0.1443,,,
154,1.65E+01,-3.14E+01,1.06E+00,-0.284,-0.185,-0.941,2.55E-01,-0.0753,,,
155,1.64E+01,-3.14E+01,1.12E+00,-0.655,-0.365,-0.662,1.22E-01,0.3465,,,
156,1.64E+01,-3.14E+01,1.21E+00,-0.799,-0.399,0.45,1.87E-01,0.565,,,
157,1.65E+01,-3.14E+01,1.32E+00,-0.485,-0.225,0.845,2.87E-01,-0.2391,,,
158,1.67E+01,-3.14E+01,1.43E+00,-0.32,-0.139,0.937,4.14E-01,-0.481,,,
159,1.71E+01,-3.14E+01,1.52E+00,-0.206,-0.083,0.975,5.23E-01,-0.6299,,,
160,1.75E+01,-3.14E+01,1.59E+00,-0.101,-0.033,0.994,6.06E-01,-0.7172,,,
161,1.80E+01,-3.14E+01,1.61E+00,0.003,0.013,1,6.60E-01,-0.7124,,,
162,1.85E+01,-3.14E+01,1.59E+00,0.097,0.052,0.994,6.83E-01,-0.6024,,,
163,1.91E+01,-3.14E+01,1.52E+00,0.163,0.077,0.984,6.70E-01,-0.4325,,,
164,1.96E+01,-3.14E+01,1.43E+00,0.204,0.092,0.975,6.16E-01,-0.2587,,,
165,2.00E+01,-3.14E+01,1.33E+00,0.222,0.098,0.97,5.23E-01,-0.1149,,,
166,2.04E+01,-3.14E+01,1.25E+00,0.226,0.099,0.969,3.98E-01,-0.0189,,,
167,2.06E+01,-3.14E+01,1.19E+00,0.24,0.103,0.965,2.49E-01,0.1003,,,
168,2.07E+01,-3.14E+01,1.16E+00,0.243,0.104,0.965,8.48E-02,0.1838,,,
Strip 7,,,,,,,,,,,
169,2.03E+01,-3.00E+01,1.10E+00,-0.128,-0.072,-0.989,1.04E-01,0.2536,,,
170,2.02E+01,-3.00E+01,1.12E+00,-0.109,-0.067,-0.992,3.04E-01,0.3047,,,
171,1.99E+01,-3.00E+01,1.13E+00,0.009,-0.032,-0.999,4.84E-01,0.3216,,,
172,1.96E+01,-3.00E+01,1.11E+00,0.073,-0.012,-0.997,6.39E-01,0.2525,,,
173,1.91E+01,-3.00E+01,1.07E+00,0.113,0.001,-0.994,7.59E-01,0.1624,,,
174,1.86E+01,-3.00E+01,1.01E+00,0.12,0.004,-0.993,8.33E-01,0.0528,,,
175,1.80E+01,-3.00E+01,9.42E-01,0.099,-0.005,-0.995,8.56E-01,-0.0601,,,
176,1.74E+01,-3.00E+01,9.00E-01,0.049,-0.026,-0.998,8.28E-01,-0.1461,,,
177,1.69E+01,-3.00E+01,8.90E-01,-0.012,-0.053,-0.999,7.54E-01,-0.1771,,,
178,1.64E+01,-3.00E+01,9.08E-01,-0.072,-0.08,-0.994,6.40E-01,-0.1648,,,
179,1.60E+01,-3.00E+01,9.47E-01,-0.141,-0.114,-0.984,4.91E-01,-0.1396,,,
180,1.58E+01,-3.00E+01,1.00E+00,-0.284,-0.185,-0.941,3.20E-01,-0.0689,,,
181,1.56E+01,-3.00E+01,1.07E+00,-0.654,-0.365,-0.662,1.53E-01,0.3525,,,
182,1.56E+01,-3.00E+01,1.16E+00,-0.799,-0.399,0.449,2.33E-01,0.5627,,,
183,1.58E+01,-3.00E+01,1.29E+00,-0.485,-0.225,0.845,3.60E-01,-0.2451,,,
184,1.60E+01,-3.00E+01,1.40E+00,-0.32,-0.139,0.937,5.18E-01,-0.4874,,,
185,1.64E+01,-3.00E+01,1.50E+00,-0.206,-0.083,0.975,6.54E-01,-0.6374,,,
186,1.69E+01,-3.00E+01,1.57E+00,-0.101,-0.033,0.994,7.58E-01,-0.7258,,,
187,1.74E+01,-3.00E+01,1.60E+00,0.003,0.013,1,8.26E-01,-0.7221,,,
188,1.80E+01,-3.00E+01,1.57E+00,0.097,0.052,0.994,8.55E-01,-0.6123,,,
189,1.86E+01,-3.00E+01,1.50E+00,0.163,0.077,0.984,8.38E-01,-0.4416,,,
190,1.91E+01,-3.00E+01,1.40E+00,0.204,0.092,0.975,7.71E-01,-0.2664,,,
191,1.96E+01,-3.00E+01,1.29E+00,0.222,0.098,0.97,6.55E-01,-0.1209,,,
192,1.99E+01,-3.00E+01,1.21E+00,0.226,0.099,0.969,4.98E-01,-0.0233,,,
193,2.02E+01,-3.00E+01,1.14E+00,0.24,0.103,0.965,3.12E-01,0.0975,,,
194,2.03E+01,-3.00E+01,1.11E+00,0.243,0.104,0.965,1.06E-01,0.1819,,,
Strip 8,,,,,,,,,,,
195,1.99E+01,-2.84E+01,1.05E+00,-0.128,-0.072,-0.989,1.27E-01,0.2537,,,
196,1.98E+01,-2.84E+01,1.06E+00,-0.109,-0.067,-0.992,3.72E-01,0.3051,,,
197,1.95E+01,-2.84E+01,1.07E+00,0.009,-0.032,-0.999,5.92E-01,0.3225,,,
198,1.91E+01,-2.84E+01,1.06E+00,0.073,-0.012,-0.997,7.82E-01,0.2537,,,
199,1.86E+01,-2.84E+01,1.01E+00,0.113,0.001,-0.994,9.29E-01,0.1638,,,
200,1.80E+01,-2.84E+01,9.39E-01,0.12,0.004,-0.993,1.02E+00,0.0544,,,
201,1.74E+01,-2.84E+01,8.72E-01,0.099,-0.005,-0.995,1.05E+00,-0.0584,,,
202,1.68E+01,-2.84E+01,8.27E-01,0.049,-0.026,-0.998,1.01E+00,-0.1445,,,
203,1.62E+01,-2.84E+01,8.15E-01,-0.012,-0.053,-0.999,9.24E-01,-0.1756,,,
204,1.57E+01,-2.84E+01,8.35E-01,-0.072,-0.08,-0.994,7.84E-01,-0.1637,,,
205,1.53E+01,-2.84E+01,8.77E-01,-0.141,-0.114,-0.984,6.01E-01,-0.1392,,,
206,1.50E+01,-2.84E+01,9.36E-01,-0.284,-0.185,-0.941,3.92E-01,-0.0692,,,
207,1.48E+01,-2.84E+01,1.01E+00,-0.654,-0.365,-0.663,1.88E-01,0.3511,,,
208,1.48E+01,-2.84E+01,1.11E+00,-0.8,-0.4,0.448,2.86E-01,0.5647,,,
209,1.50E+01,-2.84E+01,1.24E+00,-0.486,-0.225,0.845,4.40E-01,-0.2442,,,
210,1.53E+01,-2.84E+01,1.37E+00,-0.32,-0.14,0.937,6.34E-01,-0.4881,,,
211,1.57E+01,-2.84E+01,1.48E+00,-0.206,-0.083,0.975,8.01E-01,-0.6392,,,
212,1.62E+01,-2.84E+01,1.55E+00,-0.101,-0.033,0.994,9.28E-01,-0.7288,,,
213,1.68E+01,-2.84E+01,1.58E+00,0.003,0.013,1,1.01E+00,-0.7258,,,
214,1.74E+01,-2.84E+01,1.55E+00,0.097,0.052,0.994,1.05E+00,-0.6163,,,
215,1.80E+01,-2.84E+01,1.47E+00,0.163,0.077,0.984,1.03E+00,-0.4455,,,
216,1.86E+01,-2.84E+01,1.36E+00,0.204,0.092,0.975,9.45E-01,-0.2699,,,
217,1.91E+01,-2.84E+01,1.25E+00,0.222,0.098,0.97,8.03E-01,-0.1237,,,
218,1.95E+01,-2.84E+01,1.16E+00,0.226,0.099,0.969,6.10E-01,-0.0255,,,
219,1.98E+01,-2.84E+01,1.09E+00,0.24,0.103,0.965,3.82E-01,0.096,,,
220,1.99E+01,-2.84E+01,1.05E+00,0.243,0.104,0.965,1.30E-01,0.1808,,,
Strip 9,,,,,,,,,,,
221,1.94E+01,-2.66E+01,9.82E-01,-0.128,-0.072,-0.989,1.53E-01,0.2537,,,
222,1.92E+01,-2.66E+01,1.00E+00,-0.109,-0.067,-0.992,4.48E-01,0.3053,,,
223,1.89E+01,-2.66E+01,1.01E+00,0.009,-0.032,-0.999,7.13E-01,0.3229,,,
224,1.85E+01,-2.66E+01,9.92E-01,0.073,-0.012,-0.997,9.42E-01,0.2543,,,
225,1.79E+01,-2.66E+01,9.39E-01,0.113,0.001,-0.994,1.12E+00,0.1644,,,
226,1.73E+01,-2.66E+01,8.66E-01,0.12,0.004,-0.993,1.23E+00,0.0549,,,
227,1.67E+01,-2.66E+01,7.93E-01,0.099,-0.005,-0.995,1.26E+00,-0.0582,,,
228,1.60E+01,-2.66E+01,7.44E-01,0.049,-0.026,-0.998,1.22E+00,-0.1447,,,
229,1.54E+01,-2.66E+01,7.32E-01,-0.012,-0.053,-0.999,1.11E+00,-0.1764,,,
230,1.48E+01,-2.66E+01,7.53E-01,-0.072,-0.08,-0.994,9.44E-01,-0.1654,,,
231,1.44E+01,-2.66E+01,7.99E-01,-0.141,-0.114,-0.984,7.24E-01,-0.1421,,,
232,1.41E+01,-2.66E+01,8.62E-01,-0.284,-0.185,-0.941,4.72E-01,-0.0747,,,
233,1.39E+01,-2.66E+01,9.37E-01,-0.654,-0.364,-0.663,2.26E-01,0.344,,,
234,1.39E+01,-2.66E+01,1.05E+00,-0.8,-0.4,0.447,3.44E-01,0.5703,,,
235,1.41E+01,-2.66E+01,1.19E+00,-0.486,-0.226,0.844,5.30E-01,-0.2378,,,
236,1.44E+01,-2.66E+01,1.33E+00,-0.321,-0.14,0.937,7.63E-01,-0.4844,,,
237,1.48E+01,-2.66E+01,1.45E+00,-0.206,-0.083,0.975,9.64E-01,-0.6373,,,
238,1.54E+01,-2.66E+01,1.53E+00,-0.101,-0.033,0.994,1.12E+00,-0.728,,,
239,1.60E+01,-2.66E+01,1.56E+00,0.003,0.013,1,1.22E+00,-0.7258,,,
240,1.67E+01,-2.66E+01,1.53E+00,0.097,0.052,0.994,1.26E+00,-0.617,,,
241,1.73E+01,-2.66E+01,1.44E+00,0.163,0.077,0.984,1.24E+00,-0.4466,,,
242,1.79E+01,-2.66E+01,1.32E+00,0.204,0.092,0.975,1.14E+00,-0.271,,,
243,1.85E+01,-2.66E+01,1.20E+00,0.222,0.098,0.97,9.66E-01,-0.1249,,,
244,1.89E+01,-2.66E+01,1.10E+00,0.226,0.099,0.969,7.34E-01,-0.0265,,,
245,1.92E+01,-2.66E+01,1.03E+00,0.24,0.103,0.965,4.60E-01,0.0952,,,
246,1.94E+01,-2.66E+01,9.87E-01,0.243,0.104,0.965,1.57E-01,0.1801,,,
Strip 10,,,,,,,,,,,
247,1.88E+01,-2.47E+01,9.11E-01,-0.128,-0.072,-0.989,1.81E-01,0.2537,,,
248,1.87E+01,-2.47E+01,9.31E-01,-0.109,-0.067,-0.992,5.32E-01,0.3054,,,
249,1.83E+01,-2.47E+01,9.43E-01,0.009,-0.032,-0.999,8.45E-01,0.3231,,,
250,1.79E+01,-2.47E+01,9.21E-01,0.073,-0.012,-0.997,1.12E+00,0.2544,,,
251,1.73E+01,-2.47E+01,8.65E-01,0.113,0.001,-0.994,1.33E+00,0.1644,,,
252,1.66E+01,-2.47E+01,7.85E-01,0.12,0.004,-0.993,1.46E+00,0.0546,,,
253,1.59E+01,-2.47E+01,7.06E-01,0.099,-0.005,-0.995,1.50E+00,-0.059,,,
254,1.52E+01,-2.47E+01,6.53E-01,0.049,-0.026,-0.998,1.45E+00,-0.1462,,,
255,1.45E+01,-2.47E+01,6.39E-01,-0.012,-0.053,-0.999,1.32E+00,-0.1787,,,
256,1.39E+01,-2.47E+01,6.63E-01,-0.072,-0.08,-0.994,1.12E+00,-0.1688,,,
257,1.34E+01,-2.47E+01,7.12E-01,-0.141,-0.114,-0.984,8.58E-01,-0.1476,,,
258,1.31E+01,-2.47E+01,7.81E-01,-0.284,-0.184,-0.941,5.59E-01,-0.0842,,,
259,1.29E+01,-2.47E+01,8.62E-01,-0.653,-0.364,-0.664,2.68E-01,0.3324,,,
260,1.29E+01,-2.47E+01,9.85E-01,-0.8,-0.4,0.447,4.07E-01,0.5787,,,
261,1.31E+01,-2.47E+01,1.14E+00,-0.486,-0.226,0.844,6.28E-01,-0.2271,,,
262,1.34E+01,-2.47E+01,1.29E+00,-0.321,-0.14,0.937,9.04E-01,-0.4774,,,
263,1.39E+01,-2.47E+01,1.41E+00,-0.206,-0.083,0.975,1.14E+00,-0.6323,,,
264,1.45E+01,-2.47E+01,1.50E+00,-0.101,-0.033,0.994,1.33E+00,-0.7244,,,
265,1.52E+01,-2.47E+01,1.54E+00,0.003,0.013,1,1.44E+00,-0.7234,,,
266,1.59E+01,-2.47E+01,1.50E+00,0.097,0.052,0.994,1.50E+00,-0.6155,,,
267,1.66E+01,-2.47E+01,1.41E+00,0.163,0.077,0.984,1.47E+00,-0.4459,,,
268,1.73E+01,-2.47E+01,1.28E+00,0.204,0.092,0.975,1.35E+00,-0.2709,,,
269,1.79E+01,-2.47E+01,1.15E+00,0.222,0.098,0.97,1.15E+00,-0.125,,,
270,1.83E+01,-2.47E+01,1.04E+00,0.226,0.099,0.969,8.71E-01,-0.0268,,,
271,1.87E+01,-2.47E+01,9.59E-01,0.24,0.103,0.965,5.46E-01,0.0949,,,
272,1.88E+01,-2.47E+01,9.16E-01,0.243,0.104,0.965,1.86E-01,0.1798,,,
Strip 11,,,,,,,,,,,
273,1.82E+01,-2.26E+01,8.33E-01,-0.128,-0.072,-0.989,2.12E-01,0.2536,,,
274,1.81E+01,-2.26E+01,8.55E-01,-0.109,-0.067,-0.992,6.22E-01,0.3054,,,
275,1.77E+01,-2.26E+01,8.68E-01,0.009,-0.032,-0.999,9.89E-01,0.3231,,,
276,1.72E+01,-2.26E+01,8.45E-01,0.073,-0.012,-0.997,1.31E+00,0.2543,,,
277,1.65E+01,-2.26E+01,7.83E-01,0.113,0.001,-0.994,1.55E+00,0.1639,,,
278,1.58E+01,-2.26E+01,6.97E-01,0.12,0.004,-0.993,1.70E+00,0.0537,,,
279,1.50E+01,-2.26E+01,6.11E-01,0.099,-0.005,-0.995,1.75E+00,-0.0605,,,
280,1.42E+01,-2.26E+01,5.54E-01,0.049,-0.026,-0.998,1.69E+00,-0.1486,,,
281,1.35E+01,-2.26E+01,5.39E-01,-0.012,-0.053,-0.999,1.54E+00,-0.1822,,,
282,1.29E+01,-2.26E+01,5.65E-01,-0.072,-0.08,-0.994,1.31E+00,-0.1738,,,
283,1.23E+01,-2.26E+01,6.18E-01,-0.14,-0.114,-0.984,1.00E+00,-0.1551,,,
284,1.20E+01,-2.26E+01,6.92E-01,-0.284,-0.184,-0.941,6.55E-01,-0.097,,,
285,1.18E+01,-2.26E+01,7.81E-01,-0.653,-0.364,-0.664,3.14E-01,0.3169,,,
286,1.18E+01,-2.26E+01,9.14E-01,-0.801,-0.4,0.446,4.76E-01,0.5892,,,
287,1.20E+01,-2.26E+01,1.08E+00,-0.486,-0.226,0.844,7.34E-01,-0.2131,,,
288,1.23E+01,-2.26E+01,1.24E+00,-0.321,-0.14,0.937,1.06E+00,-0.4678,,,
289,1.29E+01,-2.26E+01,1.38E+00,-0.206,-0.083,0.975,1.34E+00,-0.6251,,,
290,1.35E+01,-2.26E+01,1.48E+00,-0.101,-0.033,0.994,1.55E+00,-0.7189,,,
291,1.42E+01,-2.26E+01,1.51E+00,0.003,0.013,1,1.69E+00,-0.7193,,,
292,1.50E+01,-2.26E+01,1.47E+00,0.097,0.052,0.994,1.75E+00,-0.6127,,,
293,1.58E+01,-2.26E+01,1.37E+00,0.163,0.077,0.984,1.72E+00,-0.4441,,,
294,1.65E+01,-2.26E+01,1.23E+00,0.204,0.092,0.975,1.58E+00,-0.2699,,,
295,1.72E+01,-2.26E+01,1.09E+00,0.222,0.098,0.97,1.34E+00,-0.1245,,,
296,1.77E+01,-2.26E+01,9.73E-01,0.226,0.099,0.969,1.02E+00,-0.0266,,,
297,1.81E+01,-2.26E+01,8.86E-01,0.24,0.103,0.965,6.39E-01,0.0948,,,
298,1.82E+01,-2.26E+01,8.39E-01,0.243,0.104,0.965,2.17E-01,0.1795,,,
Strip 12,,,,,,,,,,,
299,1.76E+01,-2.03E+01,7.50E-01,-0.128,-0.072,-0.989,2.45E-01,0.2535,,,
300,1.74E+01,-2.03E+01,7.74E-01,-0.109,-0.067,-0.992,7.19E-01,0.3053,,,
301,1.70E+01,-2.03E+01,7.88E-01,0.009,-0.032,-0.999,1.14E+00,0.3229,,,
302,1.64E+01,-2.03E+01,7.63E-01,0.073,-0.012,-0.997,1.51E+00,0.2539,,,
303,1.57E+01,-2.03E+01,6.96E-01,0.113,0.001,-0.994,1.79E+00,0.1632,,,
304,1.49E+01,-2.03E+01,6.03E-01,0.12,0.004,-0.993,1.97E+00,0.0523,,,
305,1.41E+01,-2.03E+01,5.10E-01,0.099,-0.005,-0.995,2.02E+00,-0.0627,,,
306,1.33E+01,-2.03E+01,4.47E-01,0.049,-0.026,-0.998,1.96E+00,-0.1518,,,
307,1.25E+01,-2.03E+01,4.32E-01,-0.012,-0.053,-0.999,1.78E+00,-0.1867,,,
308,1.18E+01,-2.03E+01,4.60E-01,-0.072,-0.08,-0.994,1.51E+00,-0.1799,,,
309,1.12E+01,-2.03E+01,5.17E-01,-0.14,-0.114,-0.984,1.16E+00,-0.1641,,,
310,1.08E+01,-2.03E+01,5.98E-01,-0.284,-0.184,-0.941,7.56E-01,-0.1123,,,
311,1.06E+01,-2.03E+01,6.93E-01,-0.653,-0.364,-0.665,3.63E-01,0.2982,,,
312,1.06E+01,-2.03E+01,8.38E-01,-0.801,-0.4,0.445,5.50E-01,0.6012,,,
313,1.08E+01,-2.03E+01,1.02E+00,-0.487,-0.226,0.844,8.47E-01,-0.1961,,,
314,1.12E+01,-2.03E+01,1.19E+00,-0.321,-0.14,0.937,1.22E+00,-0.4559,,,
315,1.18E+01,-2.03E+01,1.34E+00,-0.207,-0.083,0.975,1.55E+00,-0.6161,,,
316,1.25E+01,-2.03E+01,1.45E+00,-0.101,-0.033,0.994,1.79E+00,-0.7118,,,
317,1.33E+01,-2.03E+01,1.49E+00,0.003,0.013,1,1.95E+00,-0.7139,,,
318,1.41E+01,-2.03E+01,1.44E+00,0.097,0.052,0.994,2.02E+00,-0.6088,,,
319,1.49E+01,-2.03E+01,1.33E+00,0.163,0.077,0.984,1.98E+00,-0.4416,,,
320,1.57E+01,-2.03E+01,1.18E+00,0.204,0.092,0.975,1.82E+00,-0.2684,,,
321,1.64E+01,-2.03E+01,1.03E+00,0.222,0.098,0.97,1.55E+00,-0.1237,,,
322,1.70E+01,-2.03E+01,9.02E-01,0.226,0.099,0.969,1.18E+00,-0.0263,,,
323,1.74E+01,-2.03E+01,8.07E-01,0.24,0.103,0.965,7.38E-01,0.0948,,,
324,1.76E+01,-2.03E+01,7.57E-01,0.243,0.104,0.965,2.51E-01,0.1793,,,
Strip 13,,,,,,,,,,,
325,1.69E+01,-1.79E+01,6.62E-01,-0.128,-0.072,-0.989,2.80E-01,0.2533,,,
326,1.67E+01,-1.79E+01,6.88E-01,-0.109,-0.067,-0.992,8.20E-01,0.305,,,
327,1.63E+01,-1.79E+01,7.03E-01,0.009,-0.032,-0.999,1.30E+00,0.3226,,,
328,1.57E+01,-1.79E+01,6.76E-01,0.073,-0.012,-0.997,1.72E+00,0.2533,,,
329,1.49E+01,-1.79E+01,6.04E-01,0.113,0.001,-0.994,2.05E+00,0.1622,,,
330,1.41E+01,-1.79E+01,5.03E-01,0.12,0.004,-0.993,2.25E+00,0.0506,,,
331,1.31E+01,-1.79E+01,4.02E-01,0.099,-0.005,-0.995,2.31E+00,-0.0654,,,
332,1.22E+01,-1.79E+01,3.35E-01,0.049,-0.026,-0.998,2.23E+00,-0.1557,,,
333,1.14E+01,-1.79E+01,3.18E-01,-0.012,-0.053,-0.999,2.04E+00,-0.192,,,
334,1.06E+01,-1.79E+01,3.48E-01,-0.072,-0.08,-0.994,1.73E+00,-0.1871,,,
335,1.00E+01,-1.79E+01,4.10E-01,-0.14,-0.114,-0.984,1.33E+00,-0.1747,,,
336,9.57E+00,-1.79E+01,4.97E-01,-0.284,-0.184,-0.941,8.64E-01,-0.1303,,,
337,9.35E+00,-1.79E+01,6.01E-01,-0.652,-0.364,-0.665,4.14E-01,0.2763,,,
338,9.35E+00,-1.79E+01,7.57E-01,-0.801,-0.401,0.444,6.28E-01,0.6143,,,
339,9.57E+00,-1.79E+01,9.53E-01,-0.487,-0.226,0.844,9.67E-01,-0.1768,,,
340,1.00E+01,-1.79E+01,1.14E+00,-0.321,-0.14,0.937,1.39E+00,-0.4421,,,
341,1.06E+01,-1.79E+01,1.30E+00,-0.207,-0.083,0.975,1.76E+00,-0.6055,,,
342,1.14E+01,-1.79E+01,1.42E+00,-0.101,-0.033,0.994,2.04E+00,-0.7034,,,
343,1.22E+01,-1.79E+01,1.46E+00,0.003,0.013,1,2.23E+00,-0.7074,,,
344,1.31E+01,-1.79E+01,1.41E+00,0.097,0.052,0.994,2.31E+00,-0.6041,,,
345,1.41E+01,-1.79E+01,1.29E+00,0.163,0.077,0.984,2.26E+00,-0.4384,,,
346,1.49E+01,-1.79E+01,1.13E+00,0.204,0.092,0.975,2.08E+00,-0.2664,,,
347,1.57E+01,-1.79E+01,9.66E-01,0.222,0.098,0.97,1.77E+00,-0.1226,,,
348,1.63E+01,-1.79E+01,8.26E-01,0.226,0.099,0.969,1.34E+00,-0.0257,,,
349,1.67E+01,-1.79E+01,7.24E-01,0.24,0.103,0.965,8.42E-01,0.0948,,,
350,1.69E+01,-1.79E+01,6.69E-01,0.243,0.104,0.965,2.87E-01,0.1791,,,
Strip 14,,,,,,,,,,,
351,1.62E+01,-1.53E+01,5.70E-01,-0.128,-0.072,-0.989,3.16E-01,0.253,,,
352,1.60E+01,-1.53E+01,5.97E-01,-0.109,-0.067,-0.992,9.26E-01,0.3047,,,
353,1.55E+01,-1.53E+01,6.14E-01,0.009,-0.032,-0.999,1.47E+00,0.3221,,,
354,1.48E+01,-1.53E+01,5.84E-01,0.073,-0.012,-0.997,1.94E+00,0.2526,,,
355,1.40E+01,-1.53E+01,5.07E-01,0.113,0.001,-0.994,2.31E+00,0.161,,,
356,1.31E+01,-1.53E+01,3.98E-01,0.12,0.004,-0.993,2.53E+00,0.0486,,,
357,1.21E+01,-1.53E+01,2.89E-01,0.099,-0.005,-0.995,2.60E+00,-0.0686,,,
358,1.11E+01,-1.53E+01,2.16E-01,0.049,-0.026,-0.998,2.52E+00,-0.1603,,,
359,1.02E+01,-1.53E+01,1.98E-01,-0.012,-0.053,-0.999,2.30E+00,-0.1981,,,
360,9.39E+00,-1.53E+01,2.30E-01,-0.072,-0.08,-0.994,1.95E+00,-0.1952,,,
361,8.74E+00,-1.53E+01,2.98E-01,-0.14,-0.114,-0.984,1.50E+00,-0.1866,,,
362,8.27E+00,-1.53E+01,3.91E-01,-0.284,-0.184,-0.941,9.75E-01,-0.1507,,,
363,8.04E+00,-1.53E+01,5.03E-01,-0.652,-0.364,-0.665,4.68E-01,0.251,,,
364,8.04E+00,-1.53E+01,6.72E-01,-0.802,-0.401,0.444,7.08E-01,0.6284,,,
365,8.27E+00,-1.53E+01,8.83E-01,-0.487,-0.226,0.844,1.09E+00,-0.155,,,
366,8.74E+00,-1.53E+01,1.08E+00,-0.321,-0.14,0.937,1.57E+00,-0.4263,,,
367,9.39E+00,-1.53E+01,1.26E+00,-0.207,-0.083,0.975,1.99E+00,-0.5932,,,
368,1.02E+01,-1.53E+01,1.38E+00,-0.101,-0.033,0.994,2.31E+00,-0.6937,,,
369,1.11E+01,-1.53E+01,1.43E+00,0.003,0.013,1,2.51E+00,-0.6998,,,
370,1.21E+01,-1.53E+01,1.38E+00,0.097,0.052,0.994,2.60E+00,-0.5986,,,
371,1.31E+01,-1.53E+01,1.25E+00,0.163,0.077,0.984,2.55E+00,-0.4347,,,
372,1.40E+01,-1.53E+01,1.08E+00,0.204,0.092,0.975,2.35E+00,-0.2641,,,
373,1.48E+01,-1.53E+01,8.98E-01,0.222,0.098,0.97,2.00E+00,-0.1213,,,
374,1.55E+01,-1.53E+01,7.46E-01,0.226,0.099,0.969,1.52E+00,-0.0252,,,
375,1.60E+01,-1.53E+01,6.36E-01,0.24,0.103,0.965,9.51E-01,0.0949,,,
376,1.62E+01,-1.53E+01,5.77E-01,0.243,0.104,0.965,3.23E-01,0.1789,,,
Strip 15,,,,,,,,,,,
377,1.55E+01,-1.27E+01,4.74E-01,-0.128,-0.072,-0.989,3.52E-01,0.2526,,,
378,1.52E+01,-1.27E+01,5.03E-01,-0.109,-0.067,-0.992,1.03E+00,0.3042,,,
379,1.47E+01,-1.27E+01,5.21E-01,0.009,-0.032,-0.999,1.64E+00,0.3215,,,
380,1.40E+01,-1.27E+01,4.89E-01,0.073,-0.012,-0.997,2.17E+00,0.2516,,,
381,1.31E+01,-1.27E+01,4.06E-01,0.113,0.001,-0.994,2.58E+00,0.1594,,,
382,1.21E+01,-1.27E+01,2.88E-01,0.12,0.004,-0.993,2.83E+00,0.0462,,,
383,1.11E+01,-1.27E+01,1.72E-01,0.099,-0.005,-0.995,2.91E+00,-0.0722,,,
384,1.00E+01,-1.27E+01,9.27E-02,0.049,-0.026,-0.998,2.81E+00,-0.1654,,,
385,9.00E+00,-1.27E+01,7.33E-02,-0.012,-0.053,-0.999,2.56E+00,-0.2049,,,
386,8.13E+00,-1.27E+01,1.08E-01,-0.072,-0.08,-0.994,2.18E+00,-0.2043,,,
387,7.42E+00,-1.27E+01,1.81E-01,-0.14,-0.114,-0.984,1.67E+00,-0.1999,,,
388,6.92E+00,-1.27E+01,2.82E-01,-0.284,-0.184,-0.941,1.09E+00,-0.1737,,,
389,6.67E+00,-1.27E+01,4.02E-01,-0.652,-0.363,-0.666,5.22E-01,0.222,,,
390,6.67E+00,-1.27E+01,5.83E-01,-0.802,-0.401,0.443,7.90E-01,0.6434,,,
391,6.92E+00,-1.27E+01,8.11E-01,-0.487,-0.226,0.843,1.22E+00,-0.1304,,,
392,7.42E+00,-1.27E+01,1.03E+00,-0.321,-0.14,0.937,1.75E+00,-0.4084,,,
393,8.13E+00,-1.27E+01,1.22E+00,-0.207,-0.083,0.975,2.22E+00,-0.5791,,,
394,9.00E+00,-1.27E+01,1.35E+00,-0.101,-0.033,0.994,2.57E+00,-0.6824,,,
395,1.00E+01,-1.27E+01,1.40E+00,0.003,0.013,1,2.81E+00,-0.6911,,,
396,1.11E+01,-1.27E+01,1.34E+00,0.097,0.052,0.994,2.91E+00,-0.5923,,,
397,1.21E+01,-1.27E+01,1.20E+00,0.163,0.077,0.984,2.85E+00,-0.4306,,,
398,1.31E+01,-1.27E+01,1.02E+00,0.204,0.092,0.975,2.62E+00,-0.2617,,,
399,1.40E+01,-1.27E+01,8.27E-01,0.222,0.098,0.97,2.23E+00,-0.1201,,,
400,1.47E+01,-1.27E+01,6.63E-01,0.226,0.099,0.969,1.69E+00,-0.0246,,,
401,1.52E+01,-1.27E+01,5.45E-01,0.24,0.103,0.965,1.06E+00,0.0948,,,
402,1.55E+01,-1.27E+01,4.82E-01,0.242,0.104,0.965,3.61E-01,0.1784,,,
Strip 16,,,,,,,,,,,
403,1.47E+01,-9.96E+00,3.74E-01,-0.128,-0.072,-0.989,3.89E-01,0.2519,,,
404,1.44E+01,-9.96E+00,4.06E-01,-0.109,-0.067,-0.992,1.14E+00,0.3035,,,
405,1.39E+01,-9.96E+00,4.25E-01,0.009,-0.032,-0.999,1.81E+00,0.3206,,,
406,1.31E+01,-9.96E+00,3.91E-01,0.073,-0.012,-0.997,2.40E+00,0.2502,,,
407,1.22E+01,-9.96E+00,3.01E-01,0.113,0.001,-0.994,2.84E+00,0.1574,,,
408,1.11E+01,-9.96E+00,1.75E-01,0.12,0.004,-0.993,3.12E+00,0.0432,,,
409,9.97E+00,-9.96E+00,4.99E-02,0.099,-0.005,-0.995,3.21E+00,-0.0765,,,
410,8.83E+00,-9.96E+00,-3.47E-02,0.049,-0.026,-0.998,3.10E+00,-0.1712,,,
411,7.76E+00,-9.96E+00,-5.56E-02,-0.012,-0.053,-0.999,2.83E+00,-0.2124,,,
412,6.82E+00,-9.96E+00,-1.81E-02,-0.072,-0.08,-0.994,2.40E+00,-0.2142,,,
413,6.06E+00,-9.96E+00,5.97E-02,-0.14,-0.114,-0.984,1.84E+00,-0.2144,,,
414,5.53E+00,-9.96E+00,1.68E-01,-0.284,-0.184,-0.941,1.20E+00,-0.1992,,,
415,5.25E+00,-9.96E+00,2.97E-01,-0.652,-0.363,-0.666,5.77E-01,0.1889,,,
416,5.25E+00,-9.96E+00,4.92E-01,-0.802,-0.401,0.443,8.72E-01,0.6592,,,
417,5.53E+00,-9.96E+00,7.36E-01,-0.487,-0.226,0.843,1.34E+00,-0.1024,,,
418,6.06E+00,-9.96E+00,9.67E-01,-0.321,-0.14,0.937,1.94E+00,-0.3873,,,
419,6.82E+00,-9.96E+00,1.17E+00,-0.207,-0.083,0.975,2.45E+00,-0.5625,,,
420,7.76E+00,-9.96E+00,1.31E+00,-0.101,-0.033,0.994,2.84E+00,-0.6692,,,
421,8.83E+00,-9.96E+00,1.37E+00,0.003,0.013,1,3.10E+00,-0.6811,,,
422,9.97E+00,-9.96E+00,1.31E+00,0.097,0.052,0.994,3.21E+00,-0.5855,,,
423,1.11E+01,-9.96E+00,1.16E+00,0.163,0.077,0.984,3.15E+00,-0.4265,,,
424,1.22E+01,-9.96E+00,9.58E-01,0.204,0.092,0.975,2.90E+00,-0.2595,,,
425,1.31E+01,-9.96E+00,7.53E-01,0.222,0.098,0.97,2.46E+00,-0.119,,,
426,1.39E+01,-9.96E+00,5.78E-01,0.226,0.099,0.969,1.87E+00,-0.0244,,,
427,1.44E+01,-9.96E+00,4.51E-01,0.239,0.103,0.965,1.17E+00,0.0943,,,
428,1.47E+01,-9.96E+00,3.83E-01,0.242,0.104,0.965,3.99E-01,0.1776,,,
Strip 17,,,,,,,,,,,
429,1.39E+01,-7.16E+00,2.72E-01,-0.128,-0.072,-0.989,4.25E-01,0.2506,,,
430,1.36E+01,-7.16E+00,3.06E-01,-0.109,-0.067,-0.992,1.25E+00,0.3022,,,
431,1.30E+01,-7.16E+00,3.27E-01,0.009,-0.032,-0.999,1.98E+00,0.319,,,
432,1.22E+01,-7.16E+00,2.90E-01,0.073,-0.012,-0.997,2.62E+00,0.2482,,,
433,1.12E+01,-7.16E+00,1.94E-01,0.113,0.001,-0.994,3.11E+00,0.1545,,,
434,1.01E+01,-7.16E+00,5.94E-02,0.121,0.004,-0.993,3.41E+00,0.039,,,
435,8.85E+00,-7.16E+00,-7.47E-02,0.099,-0.005,-0.995,3.51E+00,-0.082,,,
436,7.63E+00,-7.17E+00,-1.65E-01,0.049,-0.026,-0.998,3.39E+00,-0.1779,,,
437,6.48E+00,-7.17E+00,-1.88E-01,-0.012,-0.053,-0.999,3.09E+00,-0.2204,,,
438,5.48E+00,-7.16E+00,-1.48E-01,-0.072,-0.08,-0.994,2.63E+00,-0.2241,,,
439,4.66E+00,-7.16E+00,-6.43E-02,-0.14,-0.114,-0.984,2.01E+00,-0.2291,,,
440,4.10E+00,-7.16E+00,5.16E-02,-0.284,-0.184,-0.941,1.31E+00,-0.226,,,
441,3.80E+00,-7.16E+00,1.90E-01,-0.651,-0.363,-0.666,6.30E-01,0.1514,,,
442,3.80E+00,-7.16E+00,3.98E-01,-0.802,-0.401,0.442,9.53E-01,0.6763,,,
443,4.10E+00,-7.16E+00,6.60E-01,-0.487,-0.226,0.843,1.47E+00,-0.0687,,,
444,4.66E+00,-7.16E+00,9.07E-01,-0.321,-0.14,0.937,2.12E+00,-0.3609,,,
445,5.48E+00,-7.16E+00,1.13E+00,-0.207,-0.083,0.975,2.68E+00,-0.5411,,,
446,6.48E+00,-7.16E+00,1.28E+00,-0.101,-0.033,0.994,3.10E+00,-0.6525,,,
447,7.63E+00,-7.16E+00,1.33E+00,0.003,0.013,1,3.38E+00,-0.6692,,,
448,8.85E+00,-7.16E+00,1.27E+00,0.097,0.052,0.994,3.51E+00,-0.5783,,,
449,1.01E+01,-7.16E+00,1.11E+00,0.163,0.077,0.984,3.44E+00,-0.423,,,
450,1.12E+01,-7.16E+00,8.97E-01,0.204,0.092,0.975,3.17E+00,-0.2583,,,
451,1.22E+01,-7.16E+00,6.78E-01,0.222,0.098,0.97,2.69E+00,-0.1191,,,
452,1.30E+01,-7.16E+00,4.90E-01,0.226,0.099,0.969,2.04E+00,-0.0251,,,
453,1.36E+01,-7.16E+00,3.54E-01,0.239,0.103,0.965,1.28E+00,0.0931,,,
454,1.39E+01,-7.16E+00,2.81E-01,0.242,0.104,0.965,4.36E-01,0.1761,,,
Strip 18,,,,,,,,,,,
455,1.31E+01,-4.32E+00,1.69E-01,-0.128,-0.072,-0.989,4.59E-01,0.2484,,,
456,1.28E+01,-4.32E+00,2.05E-01,-0.109,-0.067,-0.992,1.35E+00,0.2998,,,
457,1.22E+01,-4.32E+00,2.27E-01,0.009,-0.032,-0.999,2.14E+00,0.3162,,,
458,1.13E+01,-4.32E+00,1.87E-01,0.073,-0.012,-0.997,2.83E+00,0.2441,,,
459,1.02E+01,-4.32E+00,8.51E-02,0.113,0.001,-0.994,3.36E+00,0.1487,,,
460,9.00E+00,-4.32E+00,-5.85E-02,0.121,0.004,-0.993,3.69E+00,0.0317,,,
461,7.71E+00,-4.32E+00,-2.02E-01,0.099,-0.005,-0.995,3.79E+00,-0.0902,,,
462,6.41E+00,-4.32E+00,-2.98E-01,0.049,-0.026,-0.998,3.67E+00,-0.1856,,,
463,5.19E+00,-4.32E+00,-3.22E-01,-0.012,-0.053,-0.999,3.34E+00,-0.2269,,,
464,4.11E+00,-4.32E+00,-2.79E-01,-0.072,-0.08,-0.994,2.84E+00,-0.2302,,,
465,3.25E+00,-4.32E+00,-1.90E-01,-0.14,-0.114,-0.984,2.18E+00,-0.2382,,,
466,2.64E+00,-4.32E+00,-6.68E-02,-0.283,-0.184,-0.941,1.42E+00,-0.2476,,,
467,2.33E+00,-4.32E+00,8.09E-02,-0.651,-0.363,-0.666,6.82E-01,0.1136,,,
468,2.33E+00,-4.32E+00,3.03E-01,-0.802,-0.401,0.442,1.03E+00,0.698,,,
469,2.64E+00,-4.32E+00,5.82E-01,-0.488,-0.226,0.843,1.59E+00,-0.0232,,,
470,3.25E+00,-4.32E+00,8.45E-01,-0.321,-0.14,0.937,2.29E+00,-0.3214,,,
471,4.11E+00,-4.32E+00,1.08E+00,-0.207,-0.083,0.975,2.90E+00,-0.5079,,,
472,5.19E+00,-4.32E+00,1.24E+00,-0.101,-0.033,0.994,3.36E+00,-0.6271,,,
473,6.41E+00,-4.32E+00,1.30E+00,0.003,0.013,1,3.66E+00,-0.6534,,,
474,7.71E+00,-4.32E+00,1.23E+00,0.097,0.052,0.994,3.79E+00,-0.5719,,,
475,9.00E+00,-4.32E+00,1.06E+00,0.163,0.077,0.984,3.72E+00,-0.4233,,,
476,1.02E+01,-4.32E+00,8.35E-01,0.204,0.092,0.975,3.42E+00,-0.2616,,,
477,1.13E+01,-4.32E+00,6.01E-01,0.222,0.098,0.97,2.91E+00,-0.123,,,
478,1.22E+01,-4.32E+00,4.01E-01,0.226,0.099,0.969,2.21E+00,-0.0286,,,
479,1.28E+01,-4.32E+00,2.56E-01,0.239,0.103,0.965,1.39E+00,0.09,,,
480,1.31E+01,-4.32E+00,1.78E-01,0.242,0.103,0.965,4.71E-01,0.1732,,,
Strip 19,,,,,,,,,,,
481,1.23E+01,-1.44E+00,6.38E-02,-0.128,-0.072,-0.989,4.92E-01,0.2461,,,
482,1.19E+01,-1.44E+00,1.02E-01,-0.109,-0.067,-0.992,1.44E+00,0.2966,,,
483,1.13E+01,-1.44E+00,1.26E-01,0.009,-0.032,-0.999,2.29E+00,0.31,,,
484,1.04E+01,-1.44E+00,8.37E-02,0.073,-0.012,-0.997,3.03E+00,0.2313,,,
485,9.23E+00,-1.44E+00,-2.49E-02,0.113,0.001,-0.994,3.60E+00,0.1291,,,
486,7.93E+00,-1.44E+00,-1.78E-01,0.121,0.004,-0.993,3.95E+00,0.0091,,,
487,6.55E+00,-1.44E+00,-3.30E-01,0.099,-0.005,-0.995,4.06E+00,-0.1085,,,
488,5.17E+00,-1.44E+00,-4.32E-01,0.049,-0.026,-0.998,3.93E+00,-0.1927,,,
489,3.88E+00,-1.44E+00,-4.58E-01,-0.012,-0.053,-0.999,3.58E+00,-0.219,,,
490,2.73E+00,-1.44E+00,-4.12E-01,-0.072,-0.08,-0.994,3.04E+00,-0.2079,,,
491,1.81E+00,-1.44E+00,-3.18E-01,-0.14,-0.114,-0.984,2.33E+00,-0.2061,,,
492,1.17E+00,-1.44E+00,-1.86E-01,-0.283,-0.184,-0.941,1.52E+00,-0.219,,,
493,8.35E-01,-1.44E+00,-2.94E-02,-0.651,-0.363,-0.667,7.30E-01,0.1007,,,
494,8.35E-01,-1.44E+00,2.06E-01,-0.802,-0.401,0.442,1.10E+00,0.7226,,,
495,1.17E+00,-1.44E+00,5.03E-01,-0.488,-0.227,0.843,1.70E+00,0.0615,,,
496,1.81E+00,-1.44E+00,7.83E-01,-0.322,-0.14,0.936,2.45E+00,-0.2302,,,
497,2.73E+00,-1.44E+00,1.03E+00,-0.207,-0.083,0.975,3.10E+00,-0.4258,,,
498,3.88E+00,-1.44E+00,1.20E+00,-0.101,-0.033,0.994,3.59E+00,-0.568,,,
499,5.17E+00,-1.44E+00,1.27E+00,0.003,0.013,1,3.92E+00,-0.6245,,,
500,6.55E+00,-1.44E+00,1.20E+00,0.097,0.052,0.994,4.06E+00,-0.5725,,,
501,7.93E+00,-1.44E+00,1.02E+00,0.163,0.077,0.984,3.98E+00,-0.4426,,,
502,9.23E+00,-1.44E+00,7.73E-01,0.204,0.092,0.975,3.67E+00,-0.2861,,,
503,1.04E+01,-1.44E+00,5.23E-01,0.222,0.098,0.97,3.11E+00,-0.1432,,,
504,1.13E+01,-1.44E+00,3.11E-01,0.226,0.099,0.969,2.37E+00,-0.042,,,
505,1.19E+01,-1.44E+00,1.57E-01,0.239,0.103,0.965,1.48E+00,0.0819,,,
506,1.23E+01,-1.44E+00,7.41E-02,0.242,0.103,0.965,5.04E-01,0.1676,,,
Strip 20,,,,,,,,,,,
507,1.23E+01,1.44E+00,6.38E-02,-0.128,0.072,-0.989,4.92E-01,0.2461,,,
508,1.19E+01,1.44E+00,1.02E-01,-0.109,0.067,-0.992,1.44E+00,0.2966,,,
509,1.13E+01,1.44E+00,1.26E-01,0.009,0.032,-0.999,2.29E+00,0.31,,,
510,1.04E+01,1.44E+00,8.37E-02,0.073,0.012,-0.997,3.03E+00,0.2313,,,
511,9.23E+00,1.44E+00,-2.49E-02,0.113,-0.001,-0.994,3.60E+00,0.1291,,,
512,7.93E+00,1.44E+00,-1.78E-01,0.121,-0.004,-0.993,3.95E+00,0.0091,,,
513,6.55E+00,1.44E+00,-3.30E-01,0.099,0.005,-0.995,4.06E+00,-0.1085,,,
514,5.17E+00,1.44E+00,-4.32E-01,0.049,0.026,-0.998,3.93E+00,-0.1927,,,
515,3.88E+00,1.44E+00,-4.58E-01,-0.012,0.053,-0.999,3.58E+00,-0.219,,,
516,2.73E+00,1.44E+00,-4.12E-01,-0.072,0.08,-0.994,3.04E+00,-0.2079,,,
517,1.81E+00,1.44E+00,-3.18E-01,-0.14,0.114,-0.984,2.33E+00,-0.2061,,,
518,1.17E+00,1.44E+00,-1.86E-01,-0.283,0.184,-0.941,1.52E+00,-0.219,,,
519,8.35E-01,1.44E+00,-2.94E-02,-0.651,0.363,-0.667,7.30E-01,0.1007,,,
520,8.35E-01,1.44E+00,2.06E-01,-0.802,0.401,0.442,1.10E+00,0.7226,,,
521,1.17E+00,1.44E+00,5.03E-01,-0.488,0.227,0.843,1.70E+00,0.0615,,,
522,1.81E+00,1.44E+00,7.83E-01,-0.322,0.14,0.936,2.45E+00,-0.2302,,,
523,2.73E+00,1.44E+00,1.03E+00,-0.207,0.083,0.975,3.10E+00,-0.4258,,,
524,3.88E+00,1.44E+00,1.20E+00,-0.101,0.033,0.994,3.59E+00,-0.568,,,
525,5.17E+00,1.44E+00,1.27E+00,0.003,-0.013,1,3.92E+00,-0.6245,,,
526,6.55E+00,1.44E+00,1.20E+00,0.097,-0.052,0.994,4.06E+00,-0.5725,,,
527,7.93E+00,1.44E+00,1.02E+00,0.163,-0.077,0.984,3.98E+00,-0.4426,,,
528,9.23E+00,1.44E+00,7.73E-01,0.204,-0.092,0.975,3.67E+00,-0.2861,,,
529,1.04E+01,1.44E+00,5.23E-01,0.222,-0.098,0.97,3.11E+00,-0.1432,,,
530,1.13E+01,1.44E+00,3.11E-01,0.226,-0.099,0.969,2.37E+00,-0.042,,,
531,1.19E+01,1.44E+00,1.57E-01,0.239,-0.103,0.965,1.48E+00,0.0819,,,
532,1.23E+01,1.44E+00,7.41E-02,0.242,-0.103,0.965,5.04E-01,0.1676,,,
Strip 21,,,,,,,,,,,
533,1.31E+01,4.32E+00,1.69E-01,-0.128,0.072,-0.989,4.59E-01,0.2484,,,
534,1.28E+01,4.32E+00,2.05E-01,-0.109,0.067,-0.992,1.35E+00,0.2998,,,
535,1.22E+01,4.32E+00,2.27E-01,0.009,0.032,-0.999,2.14E+00,0.3162,,,
536,1.13E+01,4.32E+00,1.87E-01,0.073,0.012,-0.997,2.83E+00,0.2441,,,
537,1.02E+01,4.32E+00,8.51E-02,0.113,-0.001,-0.994,3.36E+00,0.1487,,,
538,9.00E+00,4.32E+00,-5.85E-02,0.121,-0.004,-0.993,3.69E+00,0.0317,,,
539,7.71E+00,4.32E+00,-2.02E-01,0.099,0.005,-0.995,3.79E+00,-0.0902,,,
540,6.41E+00,4.32E+00,-2.98E-01,0.049,0.026,-0.998,3.67E+00,-0.1856,,,
541,5.19E+00,4.32E+00,-3.22E-01,-0.012,0.053,-0.999,3.34E+00,-0.2269,,,
542,4.11E+00,4.32E+00,-2.79E-01,-0.072,0.08,-0.994,2.84E+00,-0.2302,,,
543,3.25E+00,4.32E+00,-1.90E-01,-0.14,0.114,-0.984,2.18E+00,-0.2382,,,
544,2.64E+00,4.32E+00,-6.68E-02,-0.283,0.184,-0.941,1.42E+00,-0.2476,,,
545,2.33E+00,4.32E+00,8.09E-02,-0.651,0.363,-0.666,6.82E-01,0.1136,,,
546,2.33E+00,4.32E+00,3.03E-01,-0.802,0.401,0.442,1.03E+00,0.698,,,
547,2.64E+00,4.32E+00,5.82E-01,-0.488,0.226,0.843,1.59E+00,-0.0232,,,
548,3.25E+00,4.32E+00,8.45E-01,-0.321,0.14,0.937,2.29E+00,-0.3214,,,
549,4.11E+00,4.32E+00,1.08E+00,-0.207,0.083,0.975,2.90E+00,-0.5079,,,
550,5.19E+00,4.32E+00,1.24E+00,-0.101,0.033,0.994,3.36E+00,-0.6271,,,
551,6.41E+00,4.32E+00,1.30E+00,0.003,-0.013,1,3.66E+00,-0.6534,,,
552,7.71E+00,4.32E+00,1.23E+00,0.097,-0.052,0.994,3.79E+00,-0.5719,,,
553,9.00E+00,4.32E+00,1.06E+00,0.163,-0.077,0.984,3.72E+00,-0.4233,,,
554,1.02E+01,4.32E+00,8.35E-01,0.204,-0.092,0.975,3.42E+00,-0.2616,,,
555,1.13E+01,4.32E+00,6.01E-01,0.222,-0.098,0.97,2.91E+00,-0.123,,,
556,1.22E+01,4.32E+00,4.01E-01,0.226,-0.099,0.969,2.21E+00,-0.0286,,,
557,1.28E+01,4.32E+00,2.56E-01,0.239,-0.103,0.965,1.39E+00,0.09,,,
558,1.31E+01,4.32E+00,1.78E-01,0.242,-0.103,0.965,4.71E-01,0.1732,,,
Strip 22,,,,,,,,,,,
559,1.39E+01,7.16E+00,2.72E-01,-0.128,0.072,-0.989,4.25E-01,0.2506,,,
560,1.36E+01,7.16E+00,3.06E-01,-0.109,0.067,-0.992,1.25E+00,0.3022,,,
561,1.30E+01,7.16E+00,3.27E-01,0.009,0.032,-0.999,1.98E+00,0.319,,,
562,1.22E+01,7.16E+00,2.90E-01,0.073,0.012,-0.997,2.62E+00,0.2482,,,
563,1.12E+01,7.16E+00,1.94E-01,0.113,-0.001,-0.994,3.11E+00,0.1545,,,
564,1.01E+01,7.16E+00,5.94E-02,0.121,-0.004,-0.993,3.41E+00,0.039,,,
565,8.85E+00,7.16E+00,-7.47E-02,0.099,0.005,-0.995,3.51E+00,-0.082,,,
566,7.63E+00,7.17E+00,-1.65E-01,0.049,0.026,-0.998,3.39E+00,-0.1779,,,
567,6.48E+00,7.17E+00,-1.88E-01,-0.012,0.053,-0.999,3.09E+00,-0.2204,,,
568,5.48E+00,7.16E+00,-1.48E-01,-0.072,0.08,-0.994,2.63E+00,-0.2241,,,
569,4.66E+00,7.16E+00,-6.43E-02,-0.14,0.114,-0.984,2.01E+00,-0.2291,,,
570,4.10E+00,7.16E+00,5.16E-02,-0.284,0.184,-0.941,1.31E+00,-0.226,,,
571,3.80E+00,7.16E+00,1.90E-01,-0.651,0.363,-0.666,6.30E-01,0.1514,,,
572,3.80E+00,7.16E+00,3.98E-01,-0.802,0.401,0.442,9.53E-01,0.6763,,,
573,4.10E+00,7.16E+00,6.60E-01,-0.487,0.226,0.843,1.47E+00,-0.0687,,,
574,4.66E+00,7.16E+00,9.07E-01,-0.321,0.14,0.937,2.12E+00,-0.3609,,,
575,5.48E+00,7.16E+00,1.13E+00,-0.207,0.083,0.975,2.68E+00,-0.5411,,,
576,6.48E+00,7.16E+00,1.28E+00,-0.101,0.033,0.994,3.10E+00,-0.6525,,,
577,7.63E+00,7.16E+00,1.33E+00,0.003,-0.013,1,3.38E+00,-0.6692,,,
578,8.85E+00,7.16E+00,1.27E+00,0.097,-0.052,0.994,3.51E+00,-0.5783,,,
579,1.01E+01,7.16E+00,1.11E+00,0.163,-0.077,0.984,3.44E+00,-0.423,,,
580,1.12E+01,7.16E+00,8.97E-01,0.204,-0.092,0.975,3.17E+00,-0.2583,,,
581,1.22E+01,7.16E+00,6.78E-01,0.222,-0.098,0.97,2.69E+00,-0.1191,,,
582,1.30E+01,7.16E+00,4.90E-01,0.226,-0.099,0.969,2.04E+00,-0.0251,,,
583,1.36E+01,7.16E+00,3.54E-01,0.239,-0.103,0.965,1.28E+00,0.0931,,,
584,1.39E+01,7.16E+00,2.81E-01,0.242,-0.104,0.965,4.36E-01,0.1761,,,
Strip 23,,,,,,,,,,,
585,1.47E+01,9.96E+00,3.74E-01,-0.128,0.072,-0.989,3.89E-01,0.2519,,,
586,1.44E+01,9.96E+00,4.06E-01,-0.109,0.067,-0.992,1.14E+00,0.3035,,,
587,1.39E+01,9.96E+00,4.25E-01,0.009,0.032,-0.999,1.81E+00,0.3206,,,
588,1.31E+01,9.96E+00,3.91E-01,0.073,0.012,-0.997,2.40E+00,0.2502,,,
589,1.22E+01,9.96E+00,3.01E-01,0.113,-0.001,-0.994,2.84E+00,0.1574,,,
590,1.11E+01,9.96E+00,1.75E-01,0.12,-0.004,-0.993,3.12E+00,0.0432,,,
591,9.97E+00,9.96E+00,4.99E-02,0.099,0.005,-0.995,3.21E+00,-0.0765,,,
592,8.83E+00,9.96E+00,-3.47E-02,0.049,0.026,-0.998,3.10E+00,-0.1712,,,
593,7.76E+00,9.96E+00,-5.56E-02,-0.012,0.053,-0.999,2.83E+00,-0.2124,,,
594,6.82E+00,9.96E+00,-1.81E-02,-0.072,0.08,-0.994,2.40E+00,-0.2142,,,
595,6.06E+00,9.96E+00,5.97E-02,-0.14,0.114,-0.984,1.84E+00,-0.2144,,,
596,5.53E+00,9.96E+00,1.68E-01,-0.284,0.184,-0.941,1.20E+00,-0.1992,,,
597,5.25E+00,9.96E+00,2.97E-01,-0.652,0.363,-0.666,5.77E-01,0.1889,,,
598,5.25E+00,9.96E+00,4.92E-01,-0.802,0.401,0.443,8.72E-01,0.6592,,,
599,5.53E+00,9.96E+00,7.36E-01,-0.487,0.226,0.843,1.34E+00,-0.1024,,,
600,6.06E+00,9.96E+00,9.67E-01,-0.321,0.14,0.937,1.94E+00,-0.3873,,,
601,6.82E+00,9.96E+00,1.17E+00,-0.207,0.083,0.975,2.45E+00,-0.5625,,,
602,7.76E+00,9.96E+00,1.31E+00,-0.101,0.033,0.994,2.84E+00,-0.6692,,,
603,8.83E+00,9.96E+00,1.37E+00,0.003,-0.013,1,3.10E+00,-0.6811,,,
604,9.97E+00,9.96E+00,1.31E+00,0.097,-0.052,0.994,3.21E+00,-0.5855,,,
605,1.11E+01,9.96E+00,1.16E+00,0.163,-0.077,0.984,3.15E+00,-0.4265,,,
606,1.22E+01,9.96E+00,9.58E-01,0.204,-0.092,0.975,2.90E+00,-0.2595,,,
607,1.31E+01,9.96E+00,7.53E-01,0.222,-0.098,0.97,2.46E+00,-0.119,,,
608,1.39E+01,9.96E+00,5.78E-01,0.226,-0.099,0.969,1.87E+00,-0.0244,,,
609,1.44E+01,9.96E+00,4.51E-01,0.239,-0.103,0.965,1.17E+00,0.0943,,,
610,1.47E+01,9.96E+00,3.83E-01,0.242,-0.104,0.965,3.99E-01,0.1776,,,
Strip 24,,,,,,,,,,,
611,1.55E+01,1.27E+01,4.74E-01,-0.128,0.072,-0.989,3.52E-01,0.2526,,,
612,1.52E+01,1.27E+01,5.03E-01,-0.109,0.067,-0.992,1.03E+00,0.3042,,,
613,1.47E+01,1.27E+01,5.21E-01,0.009,0.032,-0.999,1.64E+00,0.3215,,,
614,1.40E+01,1.27E+01,4.89E-01,0.073,0.012,-0.997,2.17E+00,0.2516,,,
615,1.31E+01,1.27E+01,4.06E-01,0.113,-0.001,-0.994,2.58E+00,0.1594,,,
616,1.21E+01,1.27E+01,2.88E-01,0.12,-0.004,-0.993,2.83E+00,0.0462,,,
617,1.11E+01,1.27E+01,1.72E-01,0.099,0.005,-0.995,2.91E+00,-0.0722,,,
618,1.00E+01,1.27E+01,9.27E-02,0.049,0.026,-0.998,2.81E+00,-0.1654,,,
619,9.00E+00,1.27E+01,7.33E-02,-0.012,0.053,-0.999,2.56E+00,-0.2049,,,
620,8.13E+00,1.27E+01,1.08E-01,-0.072,0.08,-0.994,2.18E+00,-0.2043,,,
621,7.42E+00,1.27E+01,1.81E-01,-0.14,0.114,-0.984,1.67E+00,-0.1999,,,
622,6.92E+00,1.27E+01,2.82E-01,-0.284,0.184,-0.941,1.09E+00,-0.1737,,,
623,6.67E+00,1.27E+01,4.02E-01,-0.652,0.363,-0.666,5.22E-01,0.222,,,
624,6.67E+00,1.27E+01,5.83E-01,-0.802,0.401,0.443,7.90E-01,0.6434,,,
625,6.92E+00,1.27E+01,8.11E-01,-0.487,0.226,0.843,1.22E+00,-0.1304,,,
626,7.42E+00,1.27E+01,1.03E+00,-0.321,0.14,0.937,1.75E+00,-0.4084,,,
627,8.13E+00,1.27E+01,1.22E+00,-0.207,0.083,0.975,2.22E+00,-0.5791,,,
628,9.00E+00,1.27E+01,1.35E+00,-0.101,0.033,0.994,2.57E+00,-0.6824,,,
629,1.00E+01,1.27E+01,1.40E+00,0.003,-0.013,1,2.81E+00,-0.6911,,,
630,1.11E+01,1.27E+01,1.34E+00,0.097,-0.052,0.994,2.91E+00,-0.5923,,,
631,1.21E+01,1.27E+01,1.20E+00,0.163,-0.077,0.984,2.85E+00,-0.4306,,,
632,1.31E+01,1.27E+01,1.02E+00,0.204,-0.092,0.975,2.62E+00,-0.2617,,,
633,1.40E+01,1.27E+01,8.27E-01,0.222,-0.098,0.97,2.23E+00,-0.1201,,,
634,1.47E+01,1.27E+01,6.63E-01,0.226,-0.099,0.969,1.69E+00,-0.0246,,,
635,1.52E+01,1.27E+01,5.45E-01,0.24,-0.103,0.965,1.06E+00,0.0948,,,
636,1.55E+01,1.27E+01,4.82E-01,0.242,-0.104,0.965,3.61E-01,0.1784,,,
Strip 25,,,,,,,,,,,
637,1.62E+01,1.53E+01,5.70E-01,-0.128,0.072,-0.989,3.16E-01,0.253,,,
638,1.60E+01,1.53E+01,5.97E-01,-0.109,0.067,-0.992,9.26E-01,0.3047,,,
639,1.55E+01,1.53E+01,6.14E-01,0.009,0.032,-0.999,1.47E+00,0.3221,,,
640,1.48E+01,1.53E+01,5.84E-01,0.073,0.012,-0.997,1.94E+00,0.2526,,,
641,1.40E+01,1.53E+01,5.07E-01,0.113,-0.001,-0.994,2.31E+00,0.161,,,
642,1.31E+01,1.53E+01,3.98E-01,0.12,-0.004,-0.993,2.53E+00,0.0486,,,
643,1.21E+01,1.53E+01,2.89E-01,0.099,0.005,-0.995,2.60E+00,-0.0686,,,
644,1.11E+01,1.53E+01,2.16E-01,0.049,0.026,-0.998,2.52E+00,-0.1603,,,
645,1.02E+01,1.53E+01,1.98E-01,-0.012,0.053,-0.999,2.30E+00,-0.1981,,,
646,9.39E+00,1.53E+01,2.30E-01,-0.072,0.08,-0.994,1.95E+00,-0.1952,,,
647,8.74E+00,1.53E+01,2.98E-01,-0.14,0.114,-0.984,1.50E+00,-0.1866,,,
648,8.27E+00,1.53E+01,3.91E-01,-0.284,0.184,-0.941,9.75E-01,-0.1507,,,
649,8.04E+00,1.53E+01,5.03E-01,-0.652,0.364,-0.665,4.68E-01,0.251,,,
650,8.04E+00,1.53E+01,6.72E-01,-0.802,0.401,0.444,7.08E-01,0.6284,,,
651,8.27E+00,1.53E+01,8.83E-01,-0.487,0.226,0.844,1.09E+00,-0.155,,,
652,8.74E+00,1.53E+01,1.08E+00,-0.321,0.14,0.937,1.57E+00,-0.4263,,,
653,9.39E+00,1.53E+01,1.26E+00,-0.207,0.083,0.975,1.99E+00,-0.5932,,,
654,1.02E+01,1.53E+01,1.38E+00,-0.101,0.033,0.994,2.31E+00,-0.6937,,,
655,1.11E+01,1.53E+01,1.43E+00,0.003,-0.013,1,2.51E+00,-0.6998,,,
656,1.21E+01,1.53E+01,1.38E+00,0.097,-0.052,0.994,2.60E+00,-0.5986,,,
657,1.31E+01,1.53E+01,1.25E+00,0.163,-0.077,0.984,2.55E+00,-0.4347,,,
658,1.40E+01,1.53E+01,1.08E+00,0.204,-0.092,0.975,2.35E+00,-0.2641,,,
659,1.48E+01,1.53E+01,8.98E-01,0.222,-0.098,0.97,2.00E+00,-0.1213,,,
660,1.55E+01,1.53E+01,7.46E-01,0.226,-0.099,0.969,1.52E+00,-0.0252,,,
661,1.60E+01,1.53E+01,6.36E-01,0.24,-0.103,0.965,9.51E-01,0.0949,,,
662,1.62E+01,1.53E+01,5.77E-01,0.243,-0.104,0.965,3.23E-01,0.1789,,,
Strip 26,,,,,,,,,,,
663,1.69E+01,1.79E+01,6.62E-01,-0.128,0.072,-0.989,2.80E-01,0.2533,,,
664,1.67E+01,1.79E+01,6.88E-01,-0.109,0.067,-0.992,8.20E-01,0.305,,,
665,1.63E+01,1.79E+01,7.03E-01,0.009,0.032,-0.999,1.30E+00,0.3226,,,
666,1.57E+01,1.79E+01,6.76E-01,0.073,0.012,-0.997,1.72E+00,0.2533,,,
667,1.49E+01,1.79E+01,6.04E-01,0.113,-0.001,-0.994,2.05E+00,0.1622,,,
668,1.41E+01,1.79E+01,5.03E-01,0.12,-0.004,-0.993,2.25E+00,0.0506,,,
669,1.31E+01,1.79E+01,4.02E-01,0.099,0.005,-0.995,2.31E+00,-0.0654,,,
670,1.22E+01,1.79E+01,3.35E-01,0.049,0.026,-0.998,2.23E+00,-0.1557,,,
671,1.14E+01,1.79E+01,3.18E-01,-0.012,0.053,-0.999,2.04E+00,-0.192,,,
672,1.06E+01,1.79E+01,3.48E-01,-0.072,0.08,-0.994,1.73E+00,-0.1871,,,
673,1.00E+01,1.79E+01,4.10E-01,-0.14,0.114,-0.984,1.33E+00,-0.1747,,,
674,9.57E+00,1.79E+01,4.97E-01,-0.284,0.184,-0.941,8.64E-01,-0.1303,,,
675,9.35E+00,1.79E+01,6.01E-01,-0.652,0.364,-0.665,4.14E-01,0.2763,,,
676,9.35E+00,1.79E+01,7.57E-01,-0.801,0.401,0.444,6.28E-01,0.6143,,,
677,9.57E+00,1.79E+01,9.53E-01,-0.487,0.226,0.844,9.67E-01,-0.1768,,,
678,1.00E+01,1.79E+01,1.14E+00,-0.321,0.14,0.937,1.39E+00,-0.4421,,,
679,1.06E+01,1.79E+01,1.30E+00,-0.207,0.083,0.975,1.76E+00,-0.6055,,,
680,1.14E+01,1.79E+01,1.42E+00,-0.101,0.033,0.994,2.04E+00,-0.7034,,,
681,1.22E+01,1.79E+01,1.46E+00,0.003,-0.013,1,2.23E+00,-0.7074,,,
682,1.31E+01,1.79E+01,1.41E+00,0.097,-0.052,0.994,2.31E+00,-0.6041,,,
683,1.41E+01,1.79E+01,1.29E+00,0.163,-0.077,0.984,2.26E+00,-0.4384,,,
684,1.49E+01,1.79E+01,1.13E+00,0.204,-0.092,0.975,2.08E+00,-0.2664,,,
685,1.57E+01,1.79E+01,9.66E-01,0.222,-0.098,0.97,1.77E+00,-0.1226,,,
686,1.63E+01,1.79E+01,8.26E-01,0.226,-0.099,0.969,1.34E+00,-0.0257,,,
687,1.67E+01,1.79E+01,7.24E-01,0.24,-0.103,0.965,8.42E-01,0.0948,,,
688,1.69E+01,1.79E+01,6.69E-01,0.243,-0.104,0.965,2.87E-01,0.1791,,,
Strip 27,,,,,,,,,,,
689,1.76E+01,2.03E+01,7.50E-01,-0.128,0.072,-0.989,2.45E-01,0.2535,,,
690,1.74E+01,2.03E+01,7.74E-01,-0.109,0.067,-0.992,7.19E-01,0.3053,,,
691,1.70E+01,2.03E+01,7.88E-01,0.009,0.032,-0.999,1.14E+00,0.3229,,,
692,1.64E+01,2.03E+01,7.63E-01,0.073,0.012,-0.997,1.51E+00,0.2539,,,
693,1.57E+01,2.03E+01,6.96E-01,0.113,-0.001,-0.994,1.79E+00,0.1632,,,
694,1.49E+01,2.03E+01,6.03E-01,0.12,-0.004,-0.993,1.97E+00,0.0523,,,
695,1.41E+01,2.03E+01,5.10E-01,0.099,0.005,-0.995,2.02E+00,-0.0627,,,
696,1.33E+01,2.03E+01,4.47E-01,0.049,0.026,-0.998,1.96E+00,-0.1518,,,
697,1.25E+01,2.03E+01,4.32E-01,-0.012,0.053,-0.999,1.78E+00,-0.1867,,,
698,1.18E+01,2.03E+01,4.60E-01,-0.072,0.08,-0.994,1.51E+00,-0.1799,,,
699,1.12E+01,2.03E+01,5.17E-01,-0.14,0.114,-0.984,1.16E+00,-0.1641,,,
700,1.08E+01,2.03E+01,5.98E-01,-0.284,0.184,-0.941,7.56E-01,-0.1123,,,
701,1.06E+01,2.03E+01,6.93E-01,-0.653,0.364,-0.665,3.63E-01,0.2982,,,
702,1.06E+01,2.03E+01,8.38E-01,-0.801,0.4,0.445,5.50E-01,0.6012,,,
703,1.08E+01,2.03E+01,1.02E+00,-0.487,0.226,0.844,8.47E-01,-0.1961,,,
704,1.12E+01,2.03E+01,1.19E+00,-0.321,0.14,0.937,1.22E+00,-0.4559,,,
705,1.18E+01,2.03E+01,1.34E+00,-0.207,0.083,0.975,1.55E+00,-0.6161,,,
706,1.25E+01,2.03E+01,1.45E+00,-0.101,0.033,0.994,1.79E+00,-0.7118,,,
707,1.33E+01,2.03E+01,1.49E+00,0.003,-0.013,1,1.95E+00,-0.7139,,,
708,1.41E+01,2.03E+01,1.44E+00,0.097,-0.052,0.994,2.02E+00,-0.6088,,,
709,1.49E+01,2.03E+01,1.33E+00,0.163,-0.077,0.984,1.98E+00,-0.4416,,,
710,1.57E+01,2.03E+01,1.18E+00,0.204,-0.092,0.975,1.82E+00,-0.2684,,,
711,1.64E+01,2.03E+01,1.03E+00,0.222,-0.098,0.97,1.55E+00,-0.1237,,,
712,1.70E+01,2.03E+01,9.02E-01,0.226,-0.099,0.969,1.18E+00,-0.0263,,,
713,1.74E+01,2.03E+01,8.07E-01,0.24,-0.103,0.965,7.38E-01,0.0948,,,
714,1.76E+01,2.03E+01,7.57E-01,0.243,-0.104,0.965,2.51E-01,0.1793,,,
Strip 28,,,,,,,,,,,
715,1.82E+01,2.26E+01,8.33E-01,-0.128,0.072,-0.989,2.12E-01,0.2536,,,
716,1.81E+01,2.26E+01,8.55E-01,-0.109,0.067,-0.992,6.22E-01,0.3054,,,
717,1.77E+01,2.26E+01,8.68E-01,0.009,0.032,-0.999,9.89E-01,0.3231,,,
718,1.72E+01,2.26E+01,8.45E-01,0.073,0.012,-0.997,1.31E+00,0.2543,,,
719,1.65E+01,2.26E+01,7.83E-01,0.113,-0.001,-0.994,1.55E+00,0.1639,,,
720,1.58E+01,2.26E+01,6.97E-01,0.12,-0.004,-0.993,1.70E+00,0.0537,,,
721,1.50E+01,2.26E+01,6.11E-01,0.099,0.005,-0.995,1.75E+00,-0.0605,,,
722,1.42E+01,2.26E+01,5.54E-01,0.049,0.026,-0.998,1.69E+00,-0.1486,,,
723,1.35E+01,2.26E+01,5.39E-01,-0.012,0.053,-0.999,1.54E+00,-0.1822,,,
724,1.29E+01,2.26E+01,5.65E-01,-0.072,0.08,-0.994,1.31E+00,-0.1738,,,
725,1.23E+01,2.26E+01,6.18E-01,-0.14,0.114,-0.984,1.00E+00,-0.1551,,,
726,1.20E+01,2.26E+01,6.92E-01,-0.284,0.184,-0.941,6.55E-01,-0.097,,,
727,1.18E+01,2.26E+01,7.81E-01,-0.653,0.364,-0.664,3.14E-01,0.3169,,,
728,1.18E+01,2.26E+01,9.14E-01,-0.801,0.4,0.446,4.76E-01,0.5892,,,
729,1.20E+01,2.26E+01,1.08E+00,-0.486,0.226,0.844,7.34E-01,-0.2131,,,
730,1.23E+01,2.26E+01,1.24E+00,-0.321,0.14,0.937,1.06E+00,-0.4678,,,
731,1.29E+01,2.26E+01,1.38E+00,-0.206,0.083,0.975,1.34E+00,-0.6251,,,
732,1.35E+01,2.26E+01,1.48E+00,-0.101,0.033,0.994,1.55E+00,-0.7189,,,
733,1.42E+01,2.26E+01,1.51E+00,0.003,-0.013,1,1.69E+00,-0.7193,,,
734,1.50E+01,2.26E+01,1.47E+00,0.097,-0.052,0.994,1.75E+00,-0.6127,,,
735,1.58E+01,2.26E+01,1.37E+00,0.163,-0.077,0.984,1.72E+00,-0.4441,,,
736,1.65E+01,2.26E+01,1.23E+00,0.204,-0.092,0.975,1.58E+00,-0.2699,,,
737,1.72E+01,2.26E+01,1.09E+00,0.222,-0.098,0.97,1.34E+00,-0.1245,,,
738,1.77E+01,2.26E+01,9.73E-01,0.226,-0.099,0.969,1.02E+00,-0.0266,,,
739,1.81E+01,2.26E+01,8.86E-01,0.24,-0.103,0.965,6.39E-01,0.0948,,,
740,1.82E+01,2.26E+01,8.39E-01,0.243,-0.104,0.965,2.17E-01,0.1795,,,
Strip 29,,,,,,,,,,,
741,1.88E+01,2.47E+01,9.11E-01,-0.128,0.072,-0.989,1.81E-01,0.2537,,,
742,1.87E+01,2.47E+01,9.31E-01,-0.109,0.067,-0.992,5.32E-01,0.3054,,,
743,1.83E+01,2.47E+01,9.43E-01,0.009,0.032,-0.999,8.45E-01,0.3231,,,
744,1.79E+01,2.47E+01,9.21E-01,0.073,0.012,-0.997,1.12E+00,0.2544,,,
745,1.73E+01,2.47E+01,8.65E-01,0.113,-0.001,-0.994,1.33E+00,0.1644,,,
746,1.66E+01,2.47E+01,7.85E-01,0.12,-0.004,-0.993,1.46E+00,0.0546,,,
747,1.59E+01,2.47E+01,7.06E-01,0.099,0.005,-0.995,1.50E+00,-0.059,,,
748,1.52E+01,2.47E+01,6.53E-01,0.049,0.026,-0.998,1.45E+00,-0.1462,,,
749,1.45E+01,2.47E+01,6.39E-01,-0.012,0.053,-0.999,1.32E+00,-0.1787,,,
750,1.39E+01,2.47E+01,6.63E-01,-0.072,0.08,-0.994,1.12E+00,-0.1688,,,
751,1.34E+01,2.47E+01,7.12E-01,-0.141,0.114,-0.984,8.58E-01,-0.1476,,,
752,1.31E+01,2.47E+01,7.81E-01,-0.284,0.184,-0.941,5.59E-01,-0.0842,,,
753,1.29E+01,2.47E+01,8.62E-01,-0.653,0.364,-0.664,2.68E-01,0.3324,,,
754,1.29E+01,2.47E+01,9.85E-01,-0.8,0.4,0.447,4.07E-01,0.5787,,,
755,1.31E+01,2.47E+01,1.14E+00,-0.486,0.226,0.844,6.28E-01,-0.2271,,,
756,1.34E+01,2.47E+01,1.29E+00,-0.321,0.14,0.937,9.04E-01,-0.4774,,,
757,1.39E+01,2.47E+01,1.41E+00,-0.206,0.083,0.975,1.14E+00,-0.6323,,,
758,1.45E+01,2.47E+01,1.50E+00,-0.101,0.033,0.994,1.33E+00,-0.7244,,,
759,1.52E+01,2.47E+01,1.54E+00,0.003,-0.013,1,1.44E+00,-0.7234,,,
760,1.59E+01,2.47E+01,1.50E+00,0.097,-0.052,0.994,1.50E+00,-0.6155,,,
761,1.66E+01,2.47E+01,1.41E+00,0.163,-0.077,0.984,1.47E+00,-0.4459,,,
762,1.73E+01,2.47E+01,1.28E+00,0.204,-0.092,0.975,1.35E+00,-0.2709,,,
763,1.79E+01,2.47E+01,1.15E+00,0.222,-0.098,0.97,1.15E+00,-0.125,,,
764,1.83E+01,2.47E+01,1.04E+00,0.226,-0.099,0.969,8.71E-01,-0.0268,,,
765,1.87E+01,2.47E+01,9.59E-01,0.24,-0.103,0.965,5.46E-01,0.0949,,,
766,1.88E+01,2.47E+01,9.16E-01,0.243,-0.104,0.965,1.86E-01,0.1798,,,
Strip 30,,,,,,,,,,,
767,1.94E+01,2.66E+01,9.82E-01,-0.128,0.072,-0.989,1.53E-01,0.2537,,,
768,1.92E+01,2.66E+01,1.00E+00,-0.109,0.067,-0.992,4.48E-01,0.3053,,,
769,1.89E+01,2.66E+01,1.01E+00,0.009,0.032,-0.999,7.13E-01,0.3229,,,
770,1.85E+01,2.66E+01,9.92E-01,0.073,0.012,-0.997,9.42E-01,0.2543,,,
771,1.79E+01,2.66E+01,9.39E-01,0.113,-0.001,-0.994,1.12E+00,0.1644,,,
772,1.73E+01,2.66E+01,8.66E-01,0.12,-0.004,-0.993,1.23E+00,0.0549,,,
773,1.67E+01,2.66E+01,7.93E-01,0.099,0.005,-0.995,1.26E+00,-0.0582,,,
774,1.60E+01,2.66E+01,7.44E-01,0.049,0.026,-0.998,1.22E+00,-0.1447,,,
775,1.54E+01,2.66E+01,7.32E-01,-0.012,0.053,-0.999,1.11E+00,-0.1764,,,
776,1.48E+01,2.66E+01,7.53E-01,-0.072,0.08,-0.994,9.44E-01,-0.1654,,,
777,1.44E+01,2.66E+01,7.99E-01,-0.141,0.114,-0.984,7.24E-01,-0.1421,,,
778,1.41E+01,2.66E+01,8.62E-01,-0.284,0.185,-0.941,4.72E-01,-0.0747,,,
779,1.39E+01,2.66E+01,9.37E-01,-0.654,0.364,-0.663,2.26E-01,0.344,,,
780,1.39E+01,2.66E+01,1.05E+00,-0.8,0.4,0.447,3.44E-01,0.5703,,,
781,1.41E+01,2.66E+01,1.19E+00,-0.486,0.226,0.844,5.30E-01,-0.2378,,,
782,1.44E+01,2.66E+01,1.33E+00,-0.321,0.14,0.937,7.63E-01,-0.4844,,,
783,1.48E+01,2.66E+01,1.45E+00,-0.206,0.083,0.975,9.64E-01,-0.6373,,,
784,1.54E+01,2.66E+01,1.53E+00,-0.101,0.033,0.994,1.12E+00,-0.728,,,
785,1.60E+01,2.66E+01,1.56E+00,0.003,-0.013,1,1.22E+00,-0.7258,,,
786,1.67E+01,2.66E+01,1.53E+00,0.097,-0.052,0.994,1.26E+00,-0.617,,,
787,1.73E+01,2.66E+01,1.44E+00,0.163,-0.077,0.984,1.24E+00,-0.4466,,,
788,1.79E+01,2.66E+01,1.32E+00,0.204,-0.092,0.975,1.14E+00,-0.271,,,
789,1.85E+01,2.66E+01,1.20E+00,0.222,-0.098,0.97,9.66E-01,-0.1249,,,
790,1.89E+01,2.66E+01,1.10E+00,0.226,-0.099,0.969,7.34E-01,-0.0265,,,
791,1.92E+01,2.66E+01,1.03E+00,0.24,-0.103,0.965,4.60E-01,0.0952,,,
792,1.94E+01,2.66E+01,9.87E-01,0.243,-0.104,0.965,1.57E-01,0.1801,,,
Strip 31,,,,,,,,,,,
793,1.99E+01,2.84E+01,1.05E+00,-0.128,0.072,-0.989,1.27E-01,0.2537,,,
794,1.98E+01,2.84E+01,1.06E+00,-0.109,0.067,-0.992,3.72E-01,0.3051,,,
795,1.95E+01,2.84E+01,1.07E+00,0.009,0.032,-0.999,5.92E-01,0.3225,,,
796,1.91E+01,2.84E+01,1.06E+00,0.073,0.012,-0.997,7.82E-01,0.2537,,,
797,1.86E+01,2.84E+01,1.01E+00,0.113,-0.001,-0.994,9.29E-01,0.1638,,,
798,1.80E+01,2.84E+01,9.39E-01,0.12,-0.004,-0.993,1.02E+00,0.0544,,,
799,1.74E+01,2.84E+01,8.72E-01,0.099,0.005,-0.995,1.05E+00,-0.0584,,,
800,1.68E+01,2.84E+01,8.27E-01,0.049,0.026,-0.998,1.01E+00,-0.1445,,,
801,1.62E+01,2.84E+01,8.15E-01,-0.012,0.053,-0.999,9.24E-01,-0.1756,,,
802,1.57E+01,2.84E+01,8.35E-01,-0.072,0.08,-0.994,7.84E-01,-0.1637,,,
803,1.53E+01,2.84E+01,8.77E-01,-0.141,0.114,-0.984,6.01E-01,-0.1392,,,
804,1.50E+01,2.84E+01,9.36E-01,-0.284,0.185,-0.941,3.92E-01,-0.0692,,,
805,1.48E+01,2.84E+01,1.01E+00,-0.654,0.365,-0.663,1.88E-01,0.3511,,,
806,1.48E+01,2.84E+01,1.11E+00,-0.8,0.4,0.448,2.86E-01,0.5647,,,
807,1.50E+01,2.84E+01,1.24E+00,-0.486,0.225,0.845,4.40E-01,-0.2442,,,
808,1.53E+01,2.84E+01,1.37E+00,-0.32,0.14,0.937,6.34E-01,-0.4881,,,
809,1.57E+01,2.84E+01,1.48E+00,-0.206,0.083,0.975,8.01E-01,-0.6392,,,
810,1.62E+01,2.84E+01,1.55E+00,-0.101,0.033,0.994,9.28E-01,-0.7288,,,
811,1.68E+01,2.84E+01,1.58E+00,0.003,-0.013,1,1.01E+00,-0.7258,,,
812,1.74E+01,2.84E+01,1.55E+00,0.097,-0.052,0.994,1.05E+00,-0.6163,,,
813,1.80E+01,2.84E+01,1.47E+00,0.163,-0.077,0.984,1.03E+00,-0.4455,,,
814,1.86E+01,2.84E+01,1.36E+00,0.204,-0.092,0.975,9.45E-01,-0.2699,,,
815,1.91E+01,2.84E+01,1.25E+00,0.222,-0.098,0.97,8.03E-01,-0.1237,,,
816,1.95E+01,2.84E+01,1.16E+00,0.226,-0.099,0.969,6.10E-01,-0.0255,,,
817,1.98E+01,2.84E+01,1.09E+00,0.24,-0.103,0.965,3.82E-01,0.096,,,
818,1.99E+01,2.84E+01,1.05E+00,0.243,-0.104,0.965,1.30E-01,0.1808,,,
Strip 32,,,,,,,,,,,
819,2.03E+01,3.00E+01,1.10E+00,-0.128,0.072,-0.989,1.04E-01,0.2536,,,
820,2.02E+01,3.00E+01,1.12E+00,-0.109,0.067,-0.992,3.04E-01,0.3047,,,
821,1.99E+01,3.00E+01,1.13E+00,0.009,0.032,-0.999,4.84E-01,0.3216,,,
822,1.96E+01,3.00E+01,1.11E+00,0.073,0.012,-0.997,6.39E-01,0.2525,,,
823,1.91E+01,3.00E+01,1.07E+00,0.113,-0.001,-0.994,7.59E-01,0.1624,,,
824,1.86E+01,3.00E+01,1.01E+00,0.12,-0.004,-0.993,8.33E-01,0.0528,,,
825,1.80E+01,3.00E+01,9.42E-01,0.099,0.005,-0.995,8.56E-01,-0.0601,,,
826,1.74E+01,3.00E+01,9.00E-01,0.049,0.026,-0.998,8.28E-01,-0.1461,,,
827,1.69E+01,3.00E+01,8.90E-01,-0.012,0.053,-0.999,7.54E-01,-0.1771,,,
828,1.64E+01,3.00E+01,9.08E-01,-0.072,0.08,-0.994,6.40E-01,-0.1648,,,
829,1.60E+01,3.00E+01,9.47E-01,-0.141,0.114,-0.984,4.91E-01,-0.1396,,,
830,1.58E+01,3.00E+01,1.00E+00,-0.284,0.185,-0.941,3.20E-01,-0.0689,,,
831,1.56E+01,3.00E+01,1.07E+00,-0.654,0.365,-0.662,1.53E-01,0.3525,,,
832,1.56E+01,3.00E+01,1.16E+00,-0.799,0.399,0.449,2.33E-01,0.5627,,,
833,1.58E+01,3.00E+01,1.29E+00,-0.485,0.225,0.845,3.60E-01,-0.2451,,,
834,1.60E+01,3.00E+01,1.40E+00,-0.32,0.139,0.937,5.18E-01,-0.4874,,,
835,1.64E+01,3.00E+01,1.50E+00,-0.206,0.083,0.975,6.54E-01,-0.6374,,,
836,1.69E+01,3.00E+01,1.57E+00,-0.101,0.033,0.994,7.58E-01,-0.7258,,,
837,1.74E+01,3.00E+01,1.60E+00,0.003,-0.013,1,8.26E-01,-0.7221,,,
838,1.80E+01,3.00E+01,1.57E+00,0.097,-0.052,0.994,8.55E-01,-0.6123,,,
839,1.86E+01,3.00E+01,1.50E+00,0.163,-0.077,0.984,8.38E-01,-0.4416,,,
840,1.91E+01,3.00E+01,1.40E+00,0.204,-0.092,0.975,7.71E-01,-0.2664,,,
841,1.96E+01,3.00E+01,1.29E+00,0.222,-0.098,0.97,6.55E-01,-0.1209,,,
842,1.99E+01,3.00E+01,1.21E+00,0.226,-0.099,0.969,4.98E-01,-0.0233,,,
843,2.02E+01,3.00E+01,1.14E+00,0.24,-0.103,0.965,3.12E-01,0.0975,,,
844,2.03E+01,3.00E+01,1.11E+00,0.243,-0.104,0.965,1.06E-01,0.1819,,,
Strip 33,,,,,,,,,,,
845,2.07E+01,3.14E+01,1.15E+00,-0.128,0.072,-0.989,8.27E-02,0.2536,,,
846,2.06E+01,3.14E+01,1.17E+00,-0.109,0.067,-0.992,2.43E-01,0.304,,,
847,2.04E+01,3.14E+01,1.18E+00,0.009,0.032,-0.999,3.86E-01,0.3201,,,
848,2.00E+01,3.14E+01,1.16E+00,0.073,0.012,-0.997,5.10E-01,0.2504,,,
849,1.96E+01,3.14E+01,1.12E+00,0.113,-0.001,-0.994,6.06E-01,0.1597,,,
850,1.91E+01,3.14E+01,1.06E+00,0.12,-0.004,-0.993,6.66E-01,0.0497,,,
851,1.85E+01,3.14E+01,1.00E+00,0.099,0.005,-0.995,6.84E-01,-0.0636,,,
852,1.80E+01,3.14E+01,9.64E-01,0.049,0.026,-0.998,6.61E-01,-0.1502,,,
853,1.75E+01,3.14E+01,9.55E-01,-0.012,0.053,-0.999,6.03E-01,-0.1815,,,
854,1.71E+01,3.14E+01,9.72E-01,-0.072,0.08,-0.994,5.11E-01,-0.1692,,,
855,1.67E+01,3.14E+01,1.01E+00,-0.141,0.114,-0.984,3.92E-01,-0.1443,,,
856,1.65E+01,3.14E+01,1.06E+00,-0.284,0.185,-0.941,2.55E-01,-0.0753,,,
857,1.64E+01,3.14E+01,1.12E+00,-0.655,0.365,-0.662,1.22E-01,0.3465,,,
858,1.64E+01,3.14E+01,1.21E+00,-0.799,0.399,0.45,1.87E-01,0.565,,,
859,1.65E+01,3.14E+01,1.32E+00,-0.485,0.225,0.845,2.87E-01,-0.2391,,,
860,1.67E+01,3.14E+01,1.43E+00,-0.32,0.139,0.937,4.14E-01,-0.481,,,
861,1.71E+01,3.14E+01,1.52E+00,-0.206,0.083,0.975,5.23E-01,-0.6299,,,
862,1.75E+01,3.14E+01,1.59E+00,-0.101,0.033,0.994,6.06E-01,-0.7172,,,
863,1.80E+01,3.14E+01,1.61E+00,0.003,-0.013,1,6.60E-01,-0.7124,,,
864,1.85E+01,3.14E+01,1.59E+00,0.097,-0.052,0.994,6.83E-01,-0.6024,,,
865,1.91E+01,3.14E+01,1.52E+00,0.163,-0.077,0.984,6.70E-01,-0.4325,,,
866,1.96E+01,3.14E+01,1.43E+00,0.204,-0.092,0.975,6.16E-01,-0.2587,,,
867,2.00E+01,3.14E+01,1.33E+00,0.222,-0.098,0.97,5.23E-01,-0.1149,,,
868,2.04E+01,3.14E+01,1.25E+00,0.226,-0.099,0.969,3.98E-01,-0.0189,,,
869,2.06E+01,3.14E+01,1.19E+00,0.24,-0.103,0.965,2.49E-01,0.1003,,,
870,2.07E+01,3.14E+01,1.16E+00,0.243,-0.104,0.965,8.48E-02,0.1838,,,
Strip 34,,,,,,,,,,,
871,2.11E+01,3.25E+01,1.20E+00,-0.128,0.072,-0.989,6.42E-02,0.253,,,
872,2.09E+01,3.25E+01,1.21E+00,-0.109,0.067,-0.992,1.88E-01,0.3023,,,
873,2.07E+01,3.25E+01,1.22E+00,0.009,0.032,-0.999,3.00E-01,0.3172,,,
874,2.04E+01,3.25E+01,1.20E+00,0.073,0.012,-0.997,3.96E-01,0.2469,,,
875,2.00E+01,3.25E+01,1.16E+00,0.113,-0.001,-0.994,4.71E-01,0.1557,,,
876,1.95E+01,3.25E+01,1.11E+00,0.12,-0.004,-0.993,5.17E-01,0.0451,,,
877,1.90E+01,3.25E+01,1.06E+00,0.099,0.005,-0.995,5.31E-01,-0.0691,,,
878,1.85E+01,3.25E+01,1.02E+00,0.049,0.026,-0.998,5.13E-01,-0.1568,,,
879,1.80E+01,3.25E+01,1.01E+00,-0.012,0.053,-0.999,4.68E-01,-0.1893,,,
880,1.76E+01,3.25E+01,1.03E+00,-0.072,0.08,-0.994,3.97E-01,-0.178,,,
881,1.73E+01,3.25E+01,1.06E+00,-0.141,0.114,-0.984,3.04E-01,-0.1548,,,
882,1.71E+01,3.25E+01,1.11E+00,-0.285,0.185,-0.941,1.98E-01,-0.0901,,,
883,1.70E+01,3.25E+01,1.16E+00,-0.655,0.365,-0.661,9.47E-02,0.3312,,,
884,1.70E+01,3.25E+01,1.25E+00,-0.798,0.399,0.451,1.45E-01,0.5717,,,
885,1.71E+01,3.25E+01,1.35E+00,-0.485,0.225,0.845,2.23E-01,-0.2256,,,
886,1.73E+01,3.25E+01,1.45E+00,-0.32,0.139,0.937,3.21E-01,-0.4678,,,
887,1.76E+01,3.25E+01,1.54E+00,-0.206,0.083,0.975,4.06E-01,-0.615,,,
888,1.80E+01,3.25E+01,1.61E+00,-0.101,0.033,0.994,4.70E-01,-0.6997,,,
889,1.85E+01,3.25E+01,1.63E+00,0.003,-0.013,1,5.12E-01,-0.6925,,,
890,1.90E+01,3.25E+01,1.60E+00,0.097,-0.052,0.994,5.30E-01,-0.582,,,
891,1.95E+01,3.25E+01,1.54E+00,0.163,-0.077,0.984,5.20E-01,-0.4138,,,
892,2.00E+01,3.25E+01,1.45E+00,0.204,-0.092,0.975,4.78E-01,-0.2433,,,
893,2.04E+01,3.25E+01,1.36E+00,0.222,-0.098,0.97,4.06E-01,-0.1035,,,
894,2.07E+01,3.25E+01,1.29E+00,0.226,-0.099,0.969,3.09E-01,-0.0114,,,
895,2.09E+01,3.25E+01,1.23E+00,0.24,-0.103,0.965,1.93E-01,0.1046,,,
896,2.11E+01,3.25E+01,1.20E+00,0.243,-0.104,0.965,6.58E-02,0.1863,,,
Strip 35,,,,,,,,,,,
897,2.13E+01,3.35E+01,1.23E+00,-0.128,0.072,-0.989,4.77E-02,0.2485,,,
898,2.12E+01,3.35E+01,1.24E+00,-0.109,0.067,-0.992,1.40E-01,0.2962,,,
899,2.10E+01,3.35E+01,1.25E+00,0.009,0.032,-0.999,2.23E-01,0.3093,,,
900,2.07E+01,3.35E+01,1.24E+00,0.073,0.012,-0.997,2.94E-01,0.2388,,,
901,2.03E+01,3.35E+01,1.20E+00,0.113,-0.001,-0.994,3.50E-01,0.1486,,,
902,1.99E+01,3.35E+01,1.15E+00,0.12,-0.004,-0.993,3.84E-01,0.0394,,,
903,1.94E+01,3.35E+01,1.10E+00,0.099,0.005,-0.995,3.94E-01,-0.0745,,,
904,1.89E+01,3.35E+01,1.06E+00,0.049,0.026,-0.998,3.81E-01,-0.1638,,,
905,1.85E+01,3.35E+01,1.05E+00,-0.012,0.053,-0.999,3.47E-01,-0.1994,,,
906,1.81E+01,3.35E+01,1.07E+00,-0.072,0.08,-0.994,2.95E-01,-0.1914,,,
907,1.78E+01,3.35E+01,1.10E+00,-0.141,0.114,-0.984,2.26E-01,-0.1719,,,
908,1.76E+01,3.35E+01,1.15E+00,-0.285,0.185,-0.941,1.47E-01,-0.1154,,,
909,1.74E+01,3.35E+01,1.20E+00,-0.656,0.365,-0.661,7.03E-02,0.3044,,,
910,1.74E+01,3.35E+01,1.28E+00,-0.798,0.399,0.452,1.08E-01,0.5796,,,
911,1.76E+01,3.35E+01,1.38E+00,-0.484,0.225,0.845,1.66E-01,-0.2068,,,
912,1.78E+01,3.35E+01,1.48E+00,-0.32,0.139,0.937,2.39E-01,-0.4476,,,
913,1.81E+01,3.34E+01,1.56E+00,-0.206,0.083,0.975,3.02E-01,-0.5898,,,
914,1.85E+01,3.34E+01,1.62E+00,-0.101,0.033,0.994,3.49E-01,-0.667,,,
915,1.89E+01,3.34E+01,1.64E+00,0.003,-0.013,1,3.80E-01,-0.6535,,,
916,1.94E+01,3.34E+01,1.62E+00,0.097,-0.052,0.994,3.94E-01,-0.5421,,,
917,1.99E+01,3.35E+01,1.55E+00,0.163,-0.077,0.984,3.86E-01,-0.3786,,,
918,2.03E+01,3.35E+01,1.47E+00,0.204,-0.092,0.975,3.55E-01,-0.2165,,,
919,2.07E+01,3.35E+01,1.39E+00,0.222,-0.098,0.97,3.02E-01,-0.0859,,,
920,2.10E+01,3.35E+01,1.31E+00,0.226,-0.099,0.969,2.29E-01,-0.0018,,,
921,2.12E+01,3.35E+01,1.26E+00,0.24,-0.103,0.965,1.44E-01,0.1078,,,
922,2.13E+01,3.35E+01,1.23E+00,0.243,-0.104,0.964,4.88E-02,0.1862,,,
Strip 36,,,,,,,,,,,
923,2.15E+01,3.42E+01,1.26E+00,-0.128,0.072,-0.989,3.28E-02,0.2292,,,
924,2.14E+01,3.42E+01,1.27E+00,-0.109,0.067,-0.992,9.63E-02,0.2738,,,
925,2.12E+01,3.42E+01,1.28E+00,0.009,0.032,-0.999,1.53E-01,0.2845,,,
926,2.09E+01,3.42E+01,1.26E+00,0.073,0.012,-0.997,2.03E-01,0.2161,,,
927,2.05E+01,3.42E+01,1.23E+00,0.113,-0.001,-0.994,2.41E-01,0.1322,,,
928,2.01E+01,3.42E+01,1.18E+00,0.12,-0.004,-0.993,2.64E-01,0.0311,,,
929,1.97E+01,3.42E+01,1.13E+00,0.099,0.005,-0.995,2.71E-01,-0.0757,,,
930,1.92E+01,3.42E+01,1.10E+00,0.049,0.026,-0.998,2.62E-01,-0.1627,,,
931,1.88E+01,3.42E+01,1.09E+00,-0.012,0.053,-0.999,2.39E-01,-0.2036,,,
932,1.84E+01,3.42E+01,1.10E+00,-0.072,0.08,-0.994,2.03E-01,-0.2059,,,
933,1.81E+01,3.42E+01,1.13E+00,-0.141,0.114,-0.983,1.55E-01,-0.1965,,,
934,1.79E+01,3.42E+01,1.18E+00,-0.285,0.185,-0.941,1.01E-01,-0.154,,,
935,1.78E+01,3.42E+01,1.23E+00,-0.656,0.366,-0.66,4.84E-02,0.2638,,,
936,1.78E+01,3.42E+01,1.30E+00,-0.798,0.398,0.453,7.41E-02,0.5771,,,
937,1.79E+01,3.42E+01,1.40E+00,-0.484,0.225,0.846,1.14E-01,-0.1927,,,
938,1.81E+01,3.42E+01,1.49E+00,-0.32,0.139,0.937,1.64E-01,-0.4241,,,
939,1.84E+01,3.42E+01,1.57E+00,-0.206,0.083,0.975,2.08E-01,-0.5485,,,
940,1.88E+01,3.42E+01,1.63E+00,-0.101,0.033,0.994,2.40E-01,-0.6051,,,
941,1.92E+01,3.42E+01,1.65E+00,0.003,-0.013,1,2.62E-01,-0.5802,,,
942,1.97E+01,3.42E+01,1.62E+00,0.097,-0.052,0.994,2.71E-01,-0.4724,,,
943,2.01E+01,3.42E+01,1.57E+00,0.163,-0.077,0.984,2.66E-01,-0.324,,,
944,2.05E+01,3.42E+01,1.49E+00,0.204,-0.092,0.975,2.44E-01,-0.1815,,,
945,2.09E+01,3.42E+01,1.41E+00,0.222,-0.098,0.97,2.08E-01,-0.0697,,,
946,2.12E+01,3.42E+01,1.34E+00,0.226,-0.099,0.969,1.58E-01,-0.0012,,,
947,2.14E+01,3.42E+01,1.29E+00,0.24,-0.103,0.965,9.88E-02,0.097,,,
948,2.15E+01,3.42E+01,1.26E+00,0.243,-0.104,0.964,3.36E-02,0.1699,,,
Strip 37,,,,,,,,,,,
949,2.17E+01,3.46E+01,1.27E+00,-0.128,0.072,-0.989,1.92E-02,0.1477,,,
950,2.16E+01,3.46E+01,1.29E+00,-0.109,0.067,-0.992,5.63E-02,0.185,,,
951,2.14E+01,3.46E+01,1.29E+00,0.009,0.032,-0.999,8.96E-02,0.2017,,,
952,2.11E+01,3.46E+01,1.28E+00,0.073,0.012,-0.997,1.18E-01,0.1531,,,
953,2.07E+01,3.46E+01,1.25E+00,0.113,-0.001,-0.994,1.41E-01,0.0924,,,
954,2.03E+01,3.46E+01,1.20E+00,0.12,-0.004,-0.993,1.54E-01,0.0132,,,
955,1.99E+01,3.46E+01,1.15E+00,0.099,0.005,-0.995,1.59E-01,-0.0731,,,
956,1.94E+01,3.46E+01,1.12E+00,0.049,0.026,-0.998,1.53E-01,-0.1448,,,
957,1.90E+01,3.46E+01,1.11E+00,-0.012,0.053,-0.999,1.40E-01,-0.1826,,,
958,1.87E+01,3.46E+01,1.12E+00,-0.072,0.08,-0.994,1.19E-01,-0.1994,,,
959,1.84E+01,3.46E+01,1.15E+00,-0.141,0.114,-0.983,9.08E-02,-0.2193,,,
960,1.82E+01,3.46E+01,1.20E+00,-0.285,0.185,-0.941,5.91E-02,-0.2143,,,
961,1.81E+01,3.46E+01,1.24E+00,-0.656,0.366,-0.66,2.83E-02,0.1944,,,
962,1.81E+01,3.46E+01,1.32E+00,-0.797,0.398,0.453,4.33E-02,0.5114,,,
963,1.82E+01,3.46E+01,1.41E+00,-0.484,0.225,0.846,6.68E-02,-0.2171,,,
964,1.84E+01,3.46E+01,1.50E+00,-0.32,0.139,0.937,9.61E-02,-0.3991,,,
965,1.87E+01,3.46E+01,1.58E+00,-0.206,0.083,0.975,1.21E-01,-0.4713,,,
966,1.90E+01,3.46E+01,1.63E+00,-0.101,0.033,0.994,1.41E-01,-0.4956,,,
967,1.94E+01,3.46E+01,1.65E+00,0.003,-0.013,1,1.53E-01,-0.4668,,,
968,1.99E+01,3.46E+01,1.63E+00,0.097,-0.052,0.994,1.58E-01,-0.3782,,,
969,2.03E+01,3.46E+01,1.57E+00,0.163,-0.077,0.984,1.55E-01,-0.2637,,,
970,2.07E+01,3.46E+01,1.50E+00,0.204,-0.092,0.975,1.43E-01,-0.1633,,,
971,2.11E+01,3.46E+01,1.42E+00,0.222,-0.098,0.97,1.21E-01,-0.0959,,,
972,2.14E+01,3.46E+01,1.35E+00,0.226,-0.099,0.969,9.22E-02,-0.066,,,
973,2.16E+01,3.46E+01,1.30E+00,0.24,-0.103,0.965,5.78E-02,0.0079,,,
974,2.17E+01,3.46E+01,1.28E+00,0.243,-0.104,0.964,1.97E-02,0.0714,,,
Strip 38,,,,,,,,,,,
975,2.17E+01,3.49E+01,1.28E+00,-0.128,0.072,-0.989,6.31E-03,0.048,,,
976,2.16E+01,3.49E+01,1.29E+00,-0.109,0.067,-0.992,1.85E-02,0.0512,,,
977,2.14E+01,3.49E+01,1.30E+00,0.009,0.032,-0.999,2.95E-02,0.0538,,,
978,2.11E+01,3.49E+01,1.29E+00,0.073,0.012,-0.997,3.89E-02,0.0379,,,
979,2.08E+01,3.49E+01,1.26E+00,0.113,-0.001,-0.994,4.63E-02,0.0194,,,
980,2.04E+01,3.49E+01,1.21E+00,0.12,-0.004,-0.993,5.08E-02,-0.0203,,,
981,2.00E+01,3.49E+01,1.16E+00,0.099,0.005,-0.995,5.22E-02,-0.071,,,
982,1.95E+01,3.49E+01,1.13E+00,0.049,0.026,-0.998,5.05E-02,-0.1164,,,
983,1.91E+01,3.49E+01,1.12E+00,-0.012,0.053,-0.999,4.60E-02,-0.1411,,,
984,1.88E+01,3.49E+01,1.14E+00,-0.072,0.08,-0.994,3.90E-02,-0.1551,,,
985,1.85E+01,3.49E+01,1.16E+00,-0.141,0.114,-0.983,2.99E-02,-0.1848,,,
986,1.83E+01,3.49E+01,1.21E+00,-0.285,0.185,-0.941,1.94E-02,-0.2209,,,
987,1.82E+01,3.49E+01,1.25E+00,-0.656,0.366,-0.66,9.30E-03,0.1765,,,
988,1.82E+01,3.49E+01,1.33E+00,-0.797,0.398,0.454,1.43E-02,0.4226,,,
989,1.83E+01,3.49E+01,1.42E+00,-0.484,0.225,0.846,2.20E-02,-0.237,,,
990,1.85E+01,3.49E+01,1.51E+00,-0.32,0.139,0.937,3.16E-02,-0.3397,,,
991,1.88E+01,3.49E+01,1.58E+00,-0.206,0.083,0.975,3.99E-02,-0.3688,,,
992,1.91E+01,3.49E+01,1.64E+00,-0.101,0.033,0.994,4.62E-02,-0.3786,,,
993,1.95E+01,3.49E+01,1.66E+00,0.003,-0.013,1,5.03E-02,-0.3541,,,
994,2.00E+01,3.49E+01,1.63E+00,0.097,-0.052,0.994,5.21E-02,-0.2861,,,
995,2.04E+01,3.49E+01,1.58E+00,0.163,-0.077,0.984,5.11E-02,-0.1994,,,
996,2.08E+01,3.49E+01,1.50E+00,0.204,-0.092,0.975,4.70E-02,-0.1285,,,
997,2.11E+01,3.49E+01,1.43E+00,0.222,-0.098,0.97,3.99E-02,-0.0998,,,
998,2.14E+01,3.49E+01,1.36E+00,0.226,-0.099,0.969,3.03E-02,-0.1208,,,
999,2.16E+01,3.49E+01,1.31E+00,0.24,-0.103,0.965,1.90E-02,-0.0928,,,
1000,2.17E+01,3.49E+01,1.29E+00,0.243,-0.104,0.964,6.46E-03,-0.0512,,,
